,Company,Valuation ($B),City,Industry,Select Investors
0,Stripe,95.0,San Francisco,Fintech,"Khosla Ventures, LowercaseCapital, capitalG"
1,SpaceX,74.0,Hawthorne,Other,"Founders Fund, Draper Fisher Jurvetson, Rothenberg Ventures"
2,Instacart,39.0,San Francisco,"Supply chain, logistics,,delivery","Khosla Ventures, Kleiner Perkins Caufield & Byers, Collaborative Fund"
3,Epic Games,28.7,Cary,Other,"Tencent Holdings, KKR, Smash Ventures"
4,Databricks,28.0,San Francisco,"Data management,analytics","Andreessen Horowitz, New Enterprise Associates, Battery Ventures"
5,Rivian,27.6,Plymouth,"Auto,transportation","Amazon, Ford Motor Company, Cox Automotive"
6,Chime,14.5,San Francisco,Fintech,"Forerunner Ventures, Crosslink Capital, Homebrew"
7,Plaid Technologies,13.4,San Francisco,Fintech,"New Enterprise Associates, Spar Capital, Index Ventures"
8,Fanatics,12.8,Jacksonville,"E-commerce,direct-to-consumer","SoftBank Group, Andreessen Horowitz, Temasek Holdings"
9,JUUL Labs,12.0,San Francisco,"Consumer,retail",Tiger Global Management
10,Biosplice Therapeutics,12.0,San Diego,Health,"Vickers Venture Partners, IKEA GreenTech"
11,Robinhood,11.7,Menlo Park,Fintech,"Google Ventures, Andreessen Horowitz, DST Global"
12,Aurora,10.0,Mountain View,"Auto,transportation","Index Ventures, Greylock Partners, Lightspeed Venture Partners"
13,Ripple,10.0,San Francisco,Fintech,"IDG Capital, Venture51, Lightspeed Venture Partners"
14,Figma,10.0,San Francisco,"Internet software,services","Index Ventures, Greylock Partners, Kleiner Perkins Caufield & Byers"
15,OutSystems,9.5,Boston,"Internet software,services","KKR, ES Ventures, North Bridge Growth Equity"
16,Klaviyo,9.2,Boston,"Internet software,services","Summit Partners, Accel, Astral Capital"
17,Roivant Sciences,9.09,New York,Health,"SoftBankGroup, Founders Fund"
18,Tanium,9.0,Kirkland,Cybersecurity,"Andreessen Horowitz, Nor-Cal Invest, TPG Growth"
19,GoPuff,8.9,Philadelphia,"E-commerce,direct-to-consumer","Accel, Softbank Group, Anthos Capital"
20,ServiceTitan,8.3,Glendale,"Internet software,services","Bessemer Venture Partners, ICONIQ Capital, Battery Ventures"
21,Tempus,8.1,Chicago,Health,"New Enterprise Associates, T. Rowe Associates, Lightbank"
22,Caris Life Sciences,7.83,Irving,Health,"Sixth Street Partners, OrbiMed Advisors, Highland Capital Management"
23,Brex,7.4,San Francisco,Fintech,"DST Global, Ribbit Capital, Greenoaks Capital Management"
24,Scale AI,7.3,San Francisco,Artificial intelligence,"Accel, Y Combinator, Index Ventures"
25,Argo AI,7.25,Pittsburgh,Artificial intelligence,"Volkswagen Group, Ford Autonomous Vehicles"
26,Gong,7.25,Palo Alto,Artificial intelligence,"Norwest Venture Partners, Next World Capital, Wing Venture Capital"
27,Discord,7.0,San Francisco,"Internet software,services","Benchmark, Greylock Partners, Tencent Holdings"
28,Faire,7.0,San Francisco,Artificial intelligence,"Khosla Ventures, Forerunner Ventures, Sequoia Capital"
29,Automation Anywhere,6.8,San Jose,Artificial intelligence,"General Atlantic, Goldman Sachs, New Enterprise Associates"
30,Compass,6.4,New York,"E-commerce,direct-to-consumer","Founders Fund, Thrive Capital, Wellington Management"
31,Samsara Networks,6.3,San Francisco,Hardware,"Andreessen Horowitz, General Catalyst"
32,Black Unicorn Factory,6.1,Los Angeles,Other,Barter Ventures
33,reddit,6.0,San Francisco,"Internet software,services","Y Combinator, Sequoia Capital, Coatue Management"
34,GitLab,6.0,San Francisco,"Internet software,services","Google Ventures, ICONIQ Capital, Khosla Ventures"
35,Thrasio,6.0,Walpole,Other,"Upper90, RiverPark Ventures, Advent International"
36,Better.com,6.0,New York,Fintech,"Pine Brook, American Express Ventures, Kleiner Perkins Caufield & Byers"
37,Airtable,5.77,San Francisco,"Internet software,services","Caffeinated Capital, CRV, Founder Collective"
38,Vice Media,5.7,Brooklyn,"Internet software,services","Technology Crossover Ventures, A&E Television Networks"
39,Pony.ai,5.3,Fremont,Artificial intelligence,"Sequoia Capital China, IDG Capital, DCM Ventures"
40,HashiCorp,5.1,San Francisco,"Internet software,services","Redpoint Ventures, True Ventures, Mayfield Fund"
41,OneTrust,5.1,Atlanta,"Internet software,services",Insight Partners
42,TripActions,5.0,Palo Alto,Travel,"Andreessen Horowitz, Lightspeed Venture Partners, Zeev Ventures"
43,Nuro,5.0,Mountain View,"Auto,transportation","SoftBank Group, Greylock Partners, Gaorong Capital"
44,Ro,5.0,New York,Health,"Initialized Capital, General Catalyst, SignalFire"
45,SambaNova Systems,5.0,Palo Alto,"Data management,analytics","Walden International, Google Ventures, Intel Capital"
46,Toast,4.9,Boston,Fintech,"Bessemer Venture Partners, Tiger Global Management, Google Ventures"
47,Magic Leap,4.82,Plantation,Hardware,"Obvious Ventures, Qualcomm Ventures, Andreessen Horowitz"
48,Anduril,4.6,Irvine,Artificial intelligence,"Andreessen Horowitz, Founders Fund, Revolution Ventures"
49,Lyra Health,4.6,Burlingame,Health,"Greylock Partners, Venrock, Providence Ventures"
50,Zenefits,4.5,San Francisco,Fintech,"SV Angel, Institutional Venture Partners, Venrock"
51,Outreach,4.4,Seattle,"Internet software,services","Mayfield Fund, M12, Trinity Ventures"
52,Ginkgo BioWorks,4.2,Boston,Health,"Y Combinator, Data Collective, MassVentures"
53,Relativity Space,4.2,Inglewood,Other,"Playground Global, Bond, Tribe Capital"
54,Chainalysis,4.2,New York,Fintech,"Addition, Benhcmark, Accel"
55,Amplitude,4.15,San Francisco,"Data management,analytics","Benchmark, Battery Ventures, Institutional Venture Partners"
56,Dataminr,4.1,New York,Artificial intelligence,"Venrock, Institutional Venture Partners, Goldman Sachs"
57,Houzz,4.0,Palo Alto,"E-commerce,direct-to-consumer","New Enterprise Associates, Sequoia Capital, Comcast Ventures"
58,Niantic,4.0,San Francisco,"Mobile,telecommunications","Nintendo, Google, Pokemon Company International, Spark Capital"
59,Impossible Foods,4.0,Redwood City,"Consumer,retail","Khosla Ventures, Horizons Ventures, Temasek Holdings"
60,Radiology Partners,4.0,El Segundo,Health,"New Enterprise Associates, Starr Investment Holdings"
61,Next Insurance,4.0,Palo Alto,Fintech,"Zeev Ventures, Ribbit Capital, TLV Partners"
62,Patreon,4.0,San Francisco,"Internet software,services","Index Ventures, Thrive Capital, CRV"
63,Zapier,4.0,Sunnyvale,"Internet software,services","Sequoia Capital, Bessemer Venture Partners, Threshold Ventures"
64,Clubhouse,4.0,San Francisco,"Mobile,telecommunications","Andreessen Horowitz, TQ Ventures"
65,Benchling,4.0,San Francisco,"Internet software,services","Thrive Capital, Benchmark, MenloVentures"
66,Intarcia Therapeutics,3.8,Boston,Health,"New Enterprise Associates, New Leaf Venture Partners, Charter Venture Capital"
67,Gusto,3.8,San Francisco,Fintech,"General Catalyst Partners, Google Ventures, Kleiner Perkins Caufield & Byers"
68,StockX,3.8,Detroit,"E-commerce,direct-to-consumer","Google Ventures, Battery Ventures, DST Global"
69,Devoted Health,3.78,Waltham,Health,"Andreessen Horowitz, F-Prime Capital, Venrock"
70,Guild Education,3.75,Denver,"Internet software,services","Redpoint Ventures, Harrison Metal, Bessemer Venture Partners"
71,Cohesity,3.7,San Jose,"Data management,analytics","SoftBank Group, Sequoia Capital, Wing Venture Capital"
72,VAST Data,3.7,New York,"Data management,analytics","Norwest Venture Partners, Goldman Sachs, Dell Technologies Capital"
73,GOAT,3.7,Culver City,"E-commerce,direct-to-consumer","Upfront Ventures, Webb Investment Network, D1 Capital Partners"
74,Noom,3.7,New York,Health,"Qualcomm Ventures, Samsung Ventures, Silver Lake"
75,Relativity,3.6,Chicago,"Internet software,services","Silver Lake, ICONIQ Capital"
76,Indigo Ag,3.5,Boston,Artificial intelligence,"Activant Capital Group, Alaska Permanent Fund, Baillie Gifford & Co."
77,Freshworks,3.5,San Mateo,"Internet software,services","Accel, Tiger Global Management, capitalG"
78,Rubrik,3.3,Palo Alto,"Data management,analytics","Greylock Partners, Lightspeed Venture Partners, Khosla Ventures"
79,Sila Nanotechnologies,3.3,Alameda,Other,"Bessemer Venture Partners, Sutter Hill Ventures, Matrix Partners"
80,Blend,3.3,San Francisco,Fintech,"Lightspeed Venture Partners, 8VC, Greylock Partners"
81,Scopely,3.3,Culver City,"Mobile,telecommunications","Greycroft, Sands Capital, Revolution Growth"
82,Komodo Health,3.3,San Francisco,Health,"Andreessen Horowitz, IA Ventures, Felicis Ventures"
83,Thumbtack,3.2,San Francisco,"E-commerce,direct-to-consumer","Tiger Global, Sequoia Capital, Google Capital"
84,Flexport,3.2,San Francisco,"Supply chain, logistics,,delivery","Bloomberg Beta, Founders Fund, First Round Capital"
85,Figure Technologies,3.2,San Francisco,Fintech,"DCM Ventures, Ribbit Capital, RPM Ventures"
86,Udemy,3.2,San Francisco,Edtech,"MHS Capital, Insight Partners, Norwest Venture Partners"
87,Cedar,3.2,New York,Fintech,"Thrive Capital, Founders Fund, Cocnord Health Partners"
88,HighRadius,3.1,Houston,Fintech,"Susquehanna Growth Equity, Citi Ventures, ICONIQ Capital"
89,SentinelOne,3.1,Mountain View,Cybersecurity,"Granite Hill Capital Partners, Data Collective, Tiger Global Management"
90,Warby Parker,3.0,New York,"E-commerce,direct-to-consumer","BoxGroup, Felicis Ventures, First Round Capital"
91,Circle Internet Financial,3.0,Boston,Fintech,"General Catalyst, Digital Currency Group, Accel"
92,Talkdesk,3.0,San Francisco,"Internet software,services","DJF, Salesforce Ventures, Storm Ventures"
93,Netskope,3.0,Santa Clara,Cybersecurity,"Lightspeed Venture Partners, Social Capital, Accel"
94,Forter,3.0,New York,Cybersecurity,"Sequoia Capital Israel, Scale Venture Partners, Commerce Ventures"
95,Hinge Health,3.0,San Francisco,Health,"Atomico, Insight Partners, Coatue Management"
96,Calendly,3.0,Atlanta,"Internet software,services","ICONIQ Capital, OpenView Venture Partners"
97,BlockFi,3.0,Jersey City,Fintech,"ConsenSys Ventures, Valar Ventures, PUC"
98,ActiveCampaign,3.0,Chicago,"Internet software,services","Silversmith Capital Partners, Susquehanna Growth Equity, Tiger Global Management"
99,Kraken,2.92,San Francisco,Fintech,"Bnk To The Future, Trammell Ventures, SBI Investment"
100,OpenAI,2.92,San Francisco,Artificial intelligence,Khosla Ventures
101,Workrise,2.9,Austin,"Internet software,services","Founders Fund, Quantum Energy Partners, Bedrock Capital"
102,Bird Rides,2.85,Santa Monica,"Auto,transportation","Tusk Ventures, Craft Ventures, Sequoia Capital"
103,Icertis,2.8,Bellevue,Artificial intelligence,"Eight Roads Ventures, Greycroft, Ignition Partners"
104,DataRobot,2.8,Boston,Artificial intelligence,"New Enterprise Associates, Accomplice, IA Ventures"
105,Weee!,2.8,Fremont,"Supply chain, logistics,,delivery","Goodwater Capital, iFly, XVC Venture Capital"
106,Illumio,2.75,Sunnyvale,Cybersecurity,"Data Collective, Formation 8, General Catalyst Partners"
107,Convoy,2.75,Seattle,"Supply chain, logistics,,delivery","Greylock Partners, capitalG, Y Combinator"
108,MasterClass,2.75,San Francisco,Edtech,"Institutional Venture Partners, New Enterprise Associates, Javelin Venture Partners"
109,Tradeshift,2.7,San Francisco,Fintech,"Notion Capital, Scentan Ventures, Kite Ventures"
110,Sidecar Health,2.5,El Segundo,Fintech,"GreatPoint Ventures, Tiger Global Management, Menlo Ventures"
111,AvidXchange,2.42,Charlotte,Fintech,"Temasek Holdings, Charlotte Angel Partners, TPG Growth"
112,Carbon,2.4,Redwood City,Hardware,"Google Ventures, Sequoia Capital, Wakefield Group"
113,Duolingo,2.4,Pittsburgh,Education,"capitalG, Union Square Ventures, New Enterprise Associates"
114,Paxos,2.4,New York,Fintech,"Liberty City Ventures, RRE Ventures, Mithril Capital Management"
115,Exabeam,2.4,Foster City,Cybersecurity,"Norwest Venture Partners, Aspect Ventures, Lightspeed Venture Partners"
116,Uptake,2.3,Chicago,Artificial intelligence,"Revolution, New Enterprise Associates, Caterpillar"
117,KeepTruckin,2.3,San Francisco,"Supply chain, logistics,,delivery","Google Ventures, Index Ventures, Scale Venture Partners"
118,Skydance Media,2.3,Santa Monica,Other,"RedBird Capital Partners, CJ ENM, Tencent Holdings"
119,Greenlight,2.3,Atlanta,Fintech,"Relay Ventures, TTV Capital, Canapi Ventures"
120,Highspot,2.3,Seattle,"Internet software,services","Madrona Venture Group, Shasta Ventures, Salesforce Ventures"
121,Bowery Farming,2.3,New York,Other,"Temasek, Google Ventures, General Catalyst"
122,Zume,2.25,Mountain View,"Consumer,retail","Softbank Group, AME Cloud Ventures, SignalFire"
123,Via,2.25,New York,"Auto,transportation","83North, RiverPark Ventures, Pitango Venture Capital"
124,Planet Labs,2.2,San Francisco,Other,"Threshold Ventures, O'Reilly AlphaTech Ventures, Data Collective"
125,Checkr,2.2,San Francisco,"Internet software,services","Y Combinator, Accel, T. Rowe Price"
126,Attentive,2.2,Hoboken,"Mobile,telecommunications","NextView Ventures, Eniac Ventures, Sequoia Capital"
127,Current,2.2,New York,Fintech,"Expa, QED Investors, Foundation Capital"
128,Addepar,2.17,Mountain View,Fintech,"8VC, D1 Capital Partners, Sway Ventures"
129,Cockroach Labs,2.16,New York,"Data management,analytics","Google Ventures, Benchmark, FirstMark Capital"
130,Nextdoor,2.1,San Francisco,"Internet software,services","Benchmark Capital, DAG Ventures, Insight Venture Partners"
131,Eightfold.ai,2.1,Santa Clara,"Internet software,services","Foundation Capital, Institutional Venture Partners, General Catalyst"
132,Webflow,2.1,San Francisco,"Internet software,services","Accel, Silversmith Capital Partners, capitalG"
133,6Sense,2.1,San Francisco,Artificial intelligence,"Venrock, Battery Ventures, Insight Partners"
134,ReCharge,2.1,Los Angeles,Fintech,"ICONIQ Growth, Bain Capital Ventures, Summit Partners"
135,ThoughtSpot,2.05,Sunnyvale,"Internet software,services","Lightspeed Venture Partners, Khosla Ventures, Geodesic Capital"
136,Avant,2.0,Chicago,Artificial intelligence,"RRE Ventures, Tiger Global, August Capital"
137,Quanergy Systems,2.0,Sunnyvale,"Auto,transportation","Delphi Automotive, Samsung Ventures, Motus Ventures"
138,Quora,2.0,Mountain View,"Internet software,services","Y Combinator, Matrix Partners, Benchmark"
139,LegalZoom,2.0,Glendale,"Internet software,services","K1 Capital, Francisco Partners, Neuberger Berman"
140,Formlabs,2.0,Somerville,Hardware,"Pitango Venture Capital, DFJ Growth Fund, Foundry Group"
141,Calm,2.0,San Francisco,"Consumer,retail","Insight Venture Partners, TPG Growth, Sound Ventures"
142,Kaseya,2.0,Miami,Cybersecurity,"Insight Partners, TPG Alternative & Renewable Technologies, Ireland Strategic Investment Fund"
143,Druva,2.0,Sunnyvale,"Data management,analytics","Nexus Venture Partners, Tenaya Capital, Sequoia Capital"
144,AppsFlyer,2.0,San Francisco,"Mobile,telecommunications","Magma Venture Partners, Pitango Venture Capital, Qumra Capital"
145,Notion Labs,2.0,San Francisco,"Internet software,services","Index Ventures, Draft Ventures, Felicis Ventures"
146,Postman,2.0,San Francisco,"Internet software,services","Nexus Venture Partners, CRV, Insight Partners"
147,Redis Labs,2.0,Mountain View,"Data management,analytics","Viola Ventures, Dell Technologies Capital, Bain Capital Ventures"
148,Tipalti,2.0,San Mateo,Fintech,"01 Advisors, Zeev Ventures, Group 11"
149,Unqork,2.0,New York,Fintech,"Blackrock, capitalG, World Lab Innovation"
150,Virta Health,2.0,San Francisco,Health,"Caffeinated Capital, Obvious Ventures, Venrock"
151,ISN,2.0,Dallas,"Supply chain, logistics,,delivery",Blackstone
152,Hive,2.0,San Francisco,Artificial intelligence,"Tomales Bay Capital, Bain & Company, General Catalyst"
153,Kajabi,2.0,Irvine,"Internet software,services","Meritech Capital Partners, Tiger Global Management, Spectrum Equity"
154,Ethos Technologies,2.0,San Francisco,Fintech,"Sequoia Capital, Google Ventures, Accel"
155,Pipe,2.0,Miami,Fintech,"next47, MaC Venture Capital, FinVC"
156,Iterable,2.0,San Francisco,"Internet software,services","CRV, Blue Cloud Ventures, Index Ventures"
157,InVision,1.9,New York,"Internet software,services","FirstMark Capital, Tiger Global Management, ICONIQ Capital"
158,MX Technologies,1.9,Lehi,Fintech,"Point72 Ventures, Pelion Venture Partners, Commerce Ventures"
159,Aledade,1.9,Bethesda,Health,"Venrock, CVF Capital Partners, ARCH Venture Partners"
160,SpotOn,1.88,San Francisco,Fintech,"Dragoneer Investment Group, DST Global, Franklin Templeton"
161,Automattic,1.8,San Francisco,"Internet software,services","Insight Venture Partners, Lowercase Capital, Polaris Partners"
162,ZocDoc,1.8,New York,Health,"Founders Fund, Khosla Ventures, Goldman Sachs"
163,Diamond Foundry,1.8,San Francisco,Other,"Fashion Tech Lab, Fidelity Investments, Vast Ventures"
164,Farmers Business Network,1.75,San Carlos,Other,"Blackrock, Kleiner Perkins Caulfield & Byers, Google Ventures"
165,BetterUp,1.73,San Francisco,"Internet software,services","Threshold Ventures, Lightspeed Venture Partners, Crosslink Capital"
166,Buzzfeed,1.7,New York,"Internet software,services","SV Angel, RRE Ventures, New Enterprise Associates"
167,Harry's Razor Company,1.7,New York,"Consumer,retail","Thrive Capital, Tiger Global Management, Temasek"
168,Allbirds,1.7,San Francisco,"E-commerce,direct-to-consumer","Lerer Hippeau Ventures, T. Rowe Price, Tiger Global Management"
169,PAX,1.7,San Francisco,"Consumer,retail","Tao Capital Partners, Global Asset Capital, Tiger Global Management"
170,Carta,1.7,San Francisco,Fintech,"Menlo Ventures, Spark Capital, Union Square Ventures"
171,Workato,1.7,Mountain View,"Internet software,services","Battery Ventures, Storm Ventures, Redpoint Ventures"
172,Harness,1.7,San Francisco,Artificial intelligence,"Menlo Ventures, Alkeon Capital Management, Citi Ventures"
173,DispatchHealth,1.7,Denver,Health,"Alta Partners, Questa Capital, Echo Health Venturesl"
174,Dutchie,1.7,Bend,"E-commerce,direct-to-consumer","Casa Verde Capital, Gron Ventures, Thrity Five Ventures"
175,Unite Us,1.7,New York,Health,"Insight Partners, Sequoia Capital, Index Ventures"
176,CircleCI,1.7,San Francisco,"Internet software,services","Threshold Ventures, Baseline Ventures, Harrison Metal"
177,XANT,1.65,Lehi,Artificial intelligence,"Microsoft Ventures, US Venture Partners, Kleiner Perkins Caufield & Byers"
178,Trader Interactive,1.63,Norfolk,Other,Carsales
179,Infinidat,1.6,Waltham,Hardware,"TPG Growth, Goldman Sachs"
180,sweetgreen,1.6,Culver City,"Consumer,retail","Red Sea Ventures, Fidelity Investments, Revolution"
181,Seismic,1.6,San Diego,"Internet software,services","Jackson Square Ventures, General Atlantic, Lightspeed Venture Partners"
182,Verkada,1.6,San Mateo,Cybersecurity,"next47, First Round Capital, Sequoia Capital"
183,Clari,1.6,Sunnyvale,"Internet software,services","Sequoia Capital, Bain Capital Ventures, enaya Capital"
184,Ramp Financial,1.6,New York,Fintech,"D1 Capital Partners, Stripe, Coatue Management"
185,Tonal,1.6,San Francisco,"E-commerce,direct-to-consumer","Mayfield Fund, Shasta Ventures, L Catterton"
186,Skims,1.6,Los Angeles,"E-commerce,direct-to-consumer","Thrive Capital, Alliance Consumer Growth, Imaginary Ventures"
187,Extend,1.6,San Francisco,Fintech,"GreatPoint Ventures, Meritech Capital Partners, PayPal Ventures"
188,ASAPP,1.6,New York,Artificial intelligence,"March Capital Partners, HOF Capital, Emergence Capital Partners"
189,Loom,1.53,San Francisco,"Internet software,services","Kleiner Perkins Caufield & Byers, Sequoia Capital, General Catalyst"
190,Mu Sigma,1.5,Northbrook,"Data management,analytics","Sequoia Capital, General Atlantic"
191,Cybereason,1.5,Boston,Cybersecurity,"SoftBank Group, CRV, Spark Capital"
192,Cambridge Mobile Telematics,1.5,Cambridge,"Mobile,telecommunications",SoftBank Group
193,Collective Health,1.5,San Francisco,Fintech,"New Enterprise Associates, Founders Fund, Google Ventures"
194,Remitly,1.5,Seattle,Fintech,"DN Capital, Threshold Ventures, Trilogy Equity Partners"
195,Hippo Insurance,1.5,Palo Alto,Fintech,"Propel Venture Partners, Horizons Ventures, Comcast Ventures"
196,Podium,1.5,Lehi,"Internet software,services","Accel, Summit Partners, Google Ventures"
197,Strava,1.5,San Francisco,"Internet software,services","Jackson Square Ventures, Madrone Capital Partners, Sequoia Capital"
198,Olive,1.5,Columbus,"Internet software,services","Drive Capital, General Catalyst, Ascension Ventures"
199,Zenoti,1.5,Bellevue,"Internet software,services","Norwest Venture Partners, Accel, Tiger Global Management"
200,Color,1.5,Burlingame,Health,"General Catalyst, Viking Global Investors, T. Rowe Price"
201,Enfusion,1.5,Chicago,Fintech,FTV Capital
202,K Health,1.5,New York,Health,"Max Ventures, Mangrove Capital Partners, 14W"
203,Uplight,1.5,Boulder,Other,"Rubicon Technology Partners, Max Ventures, Inclusive Capital Partners"
204,ID.me,1.5,McLean,Cybersecurity,"Moonshots Capital, BoxGroup, Blu Venture Investors"
205,Handshake,1.5,San Francisco,"Internet software,services","Kleiner Perkins Caufield & Byers, Lightspeed Venture Partners, True Ventures"
206,Snapdocs,1.5,San Francisco,Fintech,"Sequoia Capital, Y Combinator, F-Prime Capital"
207,Chipper Cash,1.5,San Francisco,Fintech,"Deciens Capital, Bezos Expeditions, 500 Startups"
208,Brii BioSciences,1.45,Durham,Health,"Sequoia Capital China, GIC, Boyu Capital"
209,Zeta,1.45,San Francisco,Fintech,"Sodexo Ventures, SoftBank Group"
210,Justworks,1.43,New York,"Internet software,services","Index Ventures, Thrive Capital, Bain Capital Ventures"
211,Symphony,1.4,New York,Fintech,"BNP Paribas, Goldman Sachs, Google"
212,Away,1.4,New York,"E-commerce,direct-to-consumer","Global Founders Capital, Comcast Ventures, Forerunner Ventures"
213,Kong,1.4,San Francisco,"Internet software,services","New Enterprise Associates, CRV, Index Ventures"
214,OwnBackup,1.4,Englewood Cliffs,"Data management,analytics","Insight Partners, Salesforce Ventures, Vertex Ventures"
215,Yotpo,1.4,New York,"Internet software,services","Bessemer Venture Partners, Vintage Investment Partners, Blumberg Capital"
216,Phenom People,1.4,Ambler,"Internet software,services","Sierra Ventures, AXA Venture Partners, Sigma Prime Ventures"
217,GupShup,1.4,San Francisco,"Internet software,services","Helion Venture Partners, Tiger Global management, CRV"
218,Degreed,1.4,Pleasanton,Edtech,"Signal Peak Ventures, Owl Ventures, Jump Capital"
219,Astranis Space Technologies,1.4,San Francisco,"Mobile,telecommunications","Refactor Capital, Andreessen Horowitz, Fifty Years Fund"
220,ChargeBee Technologies,1.4,Walnut,Fintech,"Insight Partners, Tiger Global Management, Accel"
221,Rippling,1.35,San Francisco,"Internet software,services","Initialized Capital, Y Combinator, Kleiner Perkins Caufield & Byers"
222,Plume,1.35,Palo Alto,"Internet software,services","Insight Partners, Jackson Square Ventures, Liberty Gloval Ventures"
223,Signifyd,1.34,San Jose,Fintech,"Menlo Ventures, Resolute Ventures, IA Ventures"
224,Flipboard,1.32,Palo Alto,"Internet software,services","Kleiner Perkins Caufield & Byers, Comcast Ventures, Insight Partners"
225,Grove Collaborative,1.32,San Francisco,"E-commerce,direct-to-consumer","MHS Capital, NextView Ventures, Mayfield Fund"
226,Alzheon,1.31,Framingham,Health,"ARCH Venture Partners, Ally Bridge Group"
227,Rocket Lab,1.3,Long Beach,Other,"Lockheed Martin, Khosla Ventures, Bessemer Venture Partners"
228,HeartFlow,1.3,Redwood City,Health,"BlueCross BlueShield Venture Partners, US Venture Partners"
229,Sonder,1.3,San Francisco,Travel,"Structure Capital, Spark Capital, Greylock Partners"
230,You & Mr Jones,1.3,New York,Other,Undisclosed
231,Arctic Wolf Networks,1.3,Eden Prairie,Cybersecurity,"Lightspeed Venture Partners, Redpoint Ventures, Viking Global Investors"
232,Everly Health,1.3,Austin,"E-commerce,direct-to-consumer","Highland Capital Partners, Next Coast Ventures, SoGal Ventures"
233,Innovaccer,1.3,San Francisco,Health,"M12, WestBridge Capital, Lightspeed Venture Partners"
234,Socure,1.3,New York,Cybersecurity,"Two Sigma Ventures, Flint Capital, Commerce Ventures"
235,Coalition,1.3,San Francisco,Cybersecurity,"Two Sigma Ventures, Flint Capital, Commerce Ventures"
236,ABL Space Systems,1.3,El Segundo,Other,"T. Rowe Price, Lockheed Martin Ventures, Fidelity Investment"
237,Outschool,1.3,San Francisco,Edtech,"Uniion Square Ventures, Tiger Global Management, Lightspeed Venture Capital"
238,Starry,1.29,Boston,"Mobile,telecommunications","Social Capital, Bessemer Venture Partners"
239,Intercom,1.28,San Francisco,"Internet software,services","FirstMark Capital, Tiger Global Management"
240,ezCater,1.25,Boston,"Supply chain, logistics,,delivery","Insight Venture Partners, ICONIQ Capital, Launchpad Venture Group"
241,Applied Intuition,1.25,Sunnyvale,"Data management,analytics","Andreessen Horowitz, Lux Capital, General Catalyst"
242,BigID,1.25,New York,Cybersecurity,"BOLDstart Ventures, SAP.iO Fund, Scale Venture Partners"
243,Rec Room,1.25,Seattle,"Internet software,services","First Round Capital, Sequoia Capital, Index Ventures"
244,Deel,1.25,San Francisco,Fintech,"Andreessen Horowitz, Spark Capital, Y Combinator"
245,Cerebral,1.23,San Francisco,Health,"Oak HC/FT Partners, Artis Ventures, WestCap Group"
246,EQRx,1.23,Cambridge,Health,"Nextech Invest, Casdin Capital, Google Ventures"
247,Fair,1.2,Santa Monica,"Auto,transportation","CreditEase Fintech Investment Fund, BMW i Ventures, SoftBank Group"
248,Glossier,1.2,New York,"Consumer,retail","Forerunner Ventures, Institutional Venture Partners, Thrive Capital"
249,Zipline,1.2,South San Francisco,"Supply chain, logistics,,delivery","Sequoia Capital, Baillie Gifford & Co., Google Ventures"
250,FiveTran,1.2,Oakland,"Data management,analytics<","Matrix Partners, Andreessen Horowitz, General Catalyst"
251,Qumulo,1.2,Seattle,"Data management,analytics","Madrona Venture Group, Kleiner Perkins Caufield & Byers, Highland Capital Partners"
252,Dialpad,1.2,San Francisco,"Internet software,services","Andreessen Horowitz, Google Ventures, Section 32"
253,Whoop,1.2,Boston,"E-commerce,direct-to-consumer","NextView Ventures, Promus Ventures, Two Sigma Ventures"
254,Starburst,1.2,Boston,"Data management,analytics","Index Ventures, Coatue Management, Andreessen Horowitz"
255,Tealium,1.2,San Diego,"Internet software,services","Georgian Partners, Silver Lake, Presidio Ventures"
256,Public,1.2,New York,Fintech,"Accel, Greycroft, Advancit Capital"
257,Axonius,1.2,New York,Cybersecurity,"Vertex Ventures Israel, Bessemer Venture Partners, Emerge"
258,Savage X Fenty,1.2,El Segundo,"E-commerce,direct-to-consumer","Speedinvest, Valar Ventures, Uniqa Ventures"
259,Pilot.com,1.2,San Francisco,Fintech,"Index Ventures, Sequoia Capital, Bezos Expeditions"
260,Cava Group,1.2,Washington,Other,"SWaN & Legend Ventures, Revolution Growth, Invus Group"
261,Vectra Networks,1.2,San Jose,Artificial intelligence,"IA Ventures, Khosla Ventures, AME Cloud Ventures"
262,Inari,1.2,Cambridge,Other,"Flagship Pioneering, Alexandria Venture Investments, Investment Corporation of Dubai"
263,Project44,1.2,Chicago,"Supply chain, logistics,,delivery","Emergence Capital Partners, 8VC, Chicago Ventures"
264,Alation,1.2,Redwood City,"Internet software,services","Costanoa Ventures, Data Collective, Salesforce Ventures"
265,Sysdig,1.19,San Francisco,Cybersecurity,"Accel, Bain Capital Ventures, Insight Partners"
266,Cerebras Systems,1.17,Los Altos,Hardware,"Benchmark, Foundation Capital, Sequoia Capital"
267,Modern Health,1.17,San Francisco,Health,"Kleiner Perkins Caufield & Byers, Afore Capital, Founders Fund"
268,IRL,1.17,San Francisco,"Internet software,services","Goodwater Capital, Floodgate, Founders Fund"
269,Venafi,1.15,Salt Lake City,Cybersecurity,"Pelion Venture Partners, Foundation Capital, Thoma Bravo"
270,Guideline,1.15,San Mateo,Fintech,"Pelion Venture Partners, Foundation Capital, Thoma Bravo"
271,TangoMe,1.1,Mountain View,"Mobile,telecommunications","Draper Fisher Jurtson, Qualcomm Ventures, Alibaba Group"
272,AppDirect,1.1,San Francisco,"E-commerce,direct-to-consumer","Mithril, iNovia Capital, Foundry Group"
273,Eat Just,1.1,San Francisco,"Consumer,retail","Khosla Ventures, Horizons Ventures, Founders Fund"
274,Ivalua,1.1,Redwood City,Fintech,"Ardian, Tiger Global Management, KKR"
275,Sisense,1.1,New York,"Data management,analytics","Opus Capital, Genesis Partners, Battery Ventures"
276,Course Hero,1.1,Redwood City,Edtech,"NewView Capital, Maveron, Ridge Ventures"
277,Sema4,1.1,Stamford,Health,"Blackrock, Connecticut Innovations, Deerfield Management"
278,Pharmapacks,1.1,Islandia,"E-commerce,direct-to-consumer",The Carlyle Group
279,SalesLoft,1.1,Atlanta,"Internet software,services","Caffeinated Capital, Obvious Ventures, Venrock"
280,Ginger,1.1,San Francisco,Health,"Kaiser Permanente Ventures, Khosla Ventures, True Ventures"
281,Rightway,1.1,New York,Health,"Thrive Capital, Khosla Ventures, Tiger Global Management"
282,Misfits Market,1.1,Pennsauken,"E-commerce,direct-to-consumer","Accel, D1 Capita Partners, Greenoaks Capital Management"
283,Sunbit,1.1,Los Angeles,Fintech,"Zeev Ventures, Group11, Chicago Ventures"
284,G2,1.1,Chicago,"Internet software,services","Pritzker Group Venture Capital, Accel, Hyde Park Venture Partners"
285,Rubicon Global,1.07,Atlanta,Other,"Goldman Sachs, Leonardo DiCaprio, Promecap"
286,Dataiku,1.06,New York,"Internet software,services","Alven Capital, FirstMark Capital, capitalG"
287,Instabase,1.05,San Francisco,"Data management,analytics","New Enterprise Associates, Greylock Partners, Andreessen Horowitz"
288,Proterra,1.05,Burlingame,"Supply chain, logistics,,delivery","GM Ventures, VentureSouth, Kleiner Perkins Caufield & Byers"
289,Sendbird,1.05,San Mateo,"Mobile,telecommunications","FundersClub, Y Combinator, Tiger Global Management"
290,Lookout,1.0,San Francisco,Cybersecurity,"Accel Partners, Greylock Partners, Lowercase Capital"
291,TechStyle Fashion Group,1.0,El Segundo,"E-commerce,direct-to-consumer","Matrix Partners, Passport Capital, Rho Ventures"
292,Red Ventures,1.0,Fort Mill,Other,"Silver Lake Partners, General Atlantic"
293,Vox Media,1.0,Washington,"Internet software,services","Accel Partners, Comcast Ventures, General Atlantic"
294,Age of Learning,1.0,Glendale,Edtech,Iconiq Capital
295,SMS Assist,1.0,Chicago,"Internet software,services","Goldman Sachs, Insights Venture Partners, Pritzker Group Venture Capital"
296,Kendra Scott,1.0,Austin,"Consumer,retail","Berkshire Partners, Norwest Venture Partners"
297,Modernizing Medicine,1.0,Boca Raton,Health,"Warburg Pincus, Summit Partners, Sands Capital"
298,Payoneer,1.0,New York,Fintech,"Susquehanna Growth Equity, 83North, China Broadband Capital"
299,Rani Therapeutics,1.0,San Jose,Health,"Google Ventures, VentureHealth, InCube Ventures"
300,Upgrade,1.0,San Francisco,Fintech,"Union Square Ventures, Ribbit Capital, VY Capital"
301,SoundHound,1.0,Santa Clara,Artificial intelligence,"Tencent Holdings, Walden Venture Capital, Global Catalyst Partnera"
302,MediaMath,1.0,New York,"Internet software,services","Silicon Valley Bank, QED Investors, European Founders Fund"
303,Pat McGrath Labs,1.0,New York,"Consumer,retail","One Luxury Group, Eurazeo"
304,Branch,1.0,Redwood City,"Mobile,telecommunications","New Enterprise Associates, Pear, Cowboy Ventures"
305,Tresata,1.0,Charlotte,Fintech,GCP Capital Partners
306,REEF Technology,1.0,Miami,"Supply chain, logistics,,delivery","Target Global, UBS Asset Management, Mubadala Capital"
307,Globality,1.0,Menlo Park,Artificial intelligence,SoftBank Group
308,VTS,1.0,New York,"Internet software,services","Trinity Ventures, Fifth Wall Ventures, OpenView Venture Partners"
309,Gympass,1.0,New York,"Internet software,services","General Atlantic, SoftBank Group, Atomico"
310,Ibotta,1.0,Denver,Fintech,"Koch Disruptive Technologies, Teamworthy Ventures, GGV Capital"
311,C2FO,1.0,Leawood,Fintech,"Union Square Ventures, Summerhill Venture Partners, Mithril Capital Management"
312,Dave,1.0,Los Angeles,Fintech,"Section 32, SV Angel, Norwest Venture Partners"
313,Grammarly,1.0,San Francisco,"Internet software,services","General Catalyst, Institutional Venture Partners, Breyer Capital"
314,Pendo,1.0,Raleigh,"Internet software,services","Contour Venture Partners, Battery Ventures, Core Capital Partners"
315,Vacasa,1.0,Portland,Travel,"Level Equity, NewSpring Holdings, Riverwood Capital"
316,Riskified,1.0,New York,Cybersecurity,"Entree Capital, Genesis Partners, Qumra Capital"
317,ClassPass,1.0,New York,"Internet software,services","General Catalyst, L Catterton, Acequia Capital"
318,Alto Pharmacy,1.0,San Francisco,Health,"Jackson Square Ventures, Greenoaks Capital Management, Softbank Group"
319,o9 Solutions,1.0,Dallas,Artificial intelligence,KKR
320,Quizlet,1.0,San Francisco,Edtech,"Union Square Ventures, Altos Ventures, Costanoa Ventures"
321,Apeel Sciences,1.0,Goleta,Other,"Upfront Ventures, Tao Capital Partners, Andreessen Horowitz"
322,Orca Bio,1.0,Menlo Park,Health,"Lightspeed Venture Partners, Data Collective, 8VC"
323,KKW Beauty,1.0,Woodland Hills,"E-commerce,direct-to-consumer",Coty
324,VillageMD,1.0,Chicago,Health,"Kinnevik, Oak HC/FT Partners, Walgreens Boots Alliance"
325,Trumid,1.0,New York,Fintech,"T. Rowe Price, Dragoneer Investment Group, BlackRock"
326,Innovium,1.0,San Jose,Hardware,"WRVI Capital, Qualcomm Ventures, S-Cubed Capital"
327,Zwift,1.0,Long Beach,"E-commerce,direct-to-consumer","Novator Partners, True, Causeway Media Partners"
328,Tekion,1.0,San Ramon,"Internet software,services","Airbus Ventures, Index Ventures, Advent International"
329,Cityblock Health,1.0,Brooklyn,Health,"Thrive Capital, Maverick Ventures, Redpoint Ventures"
330,ClickUp,1.0,San Diego,"Internet software,services","Georgian Partners, Craft Ventures"
331,Boom Supersonic,1.0,Englewood,Other,"WRVI Capital, Caffeinated Capital, Y Combinator"
332,Qualia,1.0,San Francisco,Fintech,"8VC, Menlo Ventures, Tiger Global Management"
333,Dremio,1.0,Santa Clara,"Data management,analytics","Lightspeed Venture Partners, Redpoint Ventures, Norwest Venture Partners"
334,Lacework,1.0,San Jose,Cybersecurity,"Sutter Hill Ventures, Liberty Global Ventures, Coatue Management"
335,Quantum Metric,1.0,Colorado Springs,"Data management,analytics","Insight Partners, Bain Capital Ventures"
336,Splashtop,1.0,San Jose,"Internet software,services","Storm Ventures, DFJ DragonFund, New Enterprise Associates"
337,Axiom Space,1.0,Houston,Other,"C5 Capital, Hemisphere Ventures, The Venture Collective"
338,Locus Robotics,1.0,Wilmington,Hardware,"Scale Venture Partners, Bond, Tiger Global Management"
339,Standard Cognition,1.0,San Francisco,Artificial intelligence,"CRV, Y Combinator, Initialized Capital"
340,Sentry,1.0,San Francisco,Other,"New Enterprise Associates, Accel, Bond"
341,Skydio,1.0,Redwood City,"Supply chain, logistics,,delivery","Andreessen Horowitz, Andreessen Horowitz, Institutional Venture Partners, Accel"
342,Newsela,1.0,New York,"Internet software,services","Owl Ventures, Technology Crossover Ventures, Tao Capital Partners"
343,Papaya Global,1.0,New York,"Internet software,services","Bessemer Venture Partners, Insight Partners, New Era Ventures"
344,Flutterwave,1.0,San Francisco,Fintech,"Green Visor Capital, CRE Venture Capital, Greycroft"
345,Evidation Health,1.0,San Mateo,Health,"B Capital Group,, GE Ventures, McKesson Ventures"
346,Side,1.0,San Francisco,"Internet software,services","Coatue Managemeny, Trinity Ventures, Matrix Partners"
347,Lattice,1.0,San Francisco,"Internet software,services","Khosla Ventures, Thrive Capital, Y Combinator"
348,Pacaso,1.0,Cincinnati,Fintech,"Global Founders Capital, Shea Ventures, Greycroft"
349,Feedzai,1.0,San Mateo,Artificial intelligence,"Global Founders Capital, Shea Ventures, Greycroft"
350,Cameo,1.0,Chicago,"Internet software,services","Lightspeed Venture Partners, Kleiner Perkins Caufield & Byers, Origin Ventures"
351,Fetch Rewards,1.0,Madison,"E-commerce,direct-to-consumer","Greycroft, Loeb.NYC, DST Global"
352,The Zebra,1.0,Austin,"E-commerce,direct-to-consumer","Silverton Partners, Accel, Ballast Point Ventures"
353,Clearcover,1.0,Chicago,Fintech,"American Family Ventures, Cox Enterprises, OMERS Ventures"
354,Groq,1.0,Mountain View,Artificial intelligence,"TDK Ventures, Social Capital, D1 Capital Partners"
355,Injective Protocol,1.0,New York,Fintech,"Pantera Capital, Cadenza Ventures, BlockTower Capital"
356,Sift,1.0,San Francisco,Artificial intelligence,"Union Square Ventures, Insight Partners, Spark Capital"
357,Capsule,1.0,New York,Health,"Thrive Capital, Durable Capital Partners, G Squared"
358,MOLOCO,1.0,Redwood City,Artificial intelligence,"Smilegate Investment, DSC Investments, KTB Ventures"
359,Mux,1.0,San Francisco,"Internet software,services","Accel, Cobalt Capital, Andreessen Horowitz"
360,Firefly Aerospace,1.0,Cedar Park,Other,"XBTO Ventures, Raven One Ventures, SK Ventures"
361,HoneyBook,1.0,San Francisco,"Internet software,services","Norwest Venture Partners, Hillsven Capital, Aleph"
362,Forte Labs,1.0,San Francisco,Fintech,"Iris Capital, Accel, Elaia Partners"
363,Axtria,1.0,Berkeley Heights,"Data management,analytics","Helion Venture Partners, Bain Capital Tech Opportunities, Sequoia Capital India"
364,Amount,1.0,Chicago,Fintech,"Invus Group, Hanaco Venture Capital, WestCap Group"
365,Vise,1.0,New York,Fintech,"Sequoia Capital, Founders Fund, Bling Capital"
366,Printful,1.0,Charlotte,Other,Bregal Sagemount
367,Shippo,1.0,San Francisco,"Supply chain, logistics,,delivery","Version One Ventures, Uncork Capital, Bessemer Venture Partners"
368,Thirty Madison,1.0,New York,Health,"Northzone Ventures, Maveron, Johnson & Johnson Innovation"
369,Aura,1.0,Burlington,Cybersecurity,"Warburg Pincus, General Catalyst"
370,Claroty,1.0,New York,Cybersecurity,"Bessemer Venture Partners, MoreVC, Team8"
371,Aircall,1.0,New York,"Internet software,services","Balderton Capital, Next World Capital, Draper Esprit"
372,SmartAsset,1.0,New York,Fintech,"Javelin Venture Partners, TTV Capital, Peterson Ventures"
373,Morning Consult,1.0,Washington DC,"Internet software,services","Advance Venture Partners, Susquehanna Growth Equity, Lupa Systems"
