,state_code,latitude,longitude,zip_code,id,city,Unnamed: 6,name,labels,founded_at,closed_at,first_funding_at,last_funding_at,age_first_funding_year,age_last_funding_year,age_first_milestone_year,age_last_milestone_year,relationships,funding_rounds,funding_total_usd,milestones,state_code.1,is_CA,is_NY,is_MA,is_TX,is_otherstate,category_code,is_software,is_web,is_mobile,is_enterprise,is_advertising,is_gamesvideo,is_ecommerce,is_biotech,is_consulting,is_othercategory,object_id,has_VC,has_angel,has_roundA,has_roundB,has_roundC,has_roundD,avg_participants,is_top500,status,link_name,description
102,WA,47.614422,-122.192337,98004,c:5587,Bellevue,Bellevue WA 98004,iConclude,1,1/1/2005,Still Operating,2/1/2005,4/10/2006,0.0849,1.2712,3.055353048,4.754422568,5,3,12500000,0,WA,0,0,0,0,1,software,1,0,0,0,0,0,0,0,0,0,c:5587,1,0,1,1,0,0,2.3333,1,acquired,iconclude,"iConclude provides runbook automation, alert response, and process integration solutions for IT companies."
103,CA,37.314002,-121.932365,95128,c:38338,San Jose,San Jose CA 95128,41st Parameter,1,1/1/2004,Still Operating,5/8/2006,4/11/2012,2.3507,8.2822,1.0027,8.2849,16,4,38064570,2,CA,1,0,0,0,0,security,0,0,0,0,0,0,0,0,0,1,c:38338,1,0,0,1,1,1,3,1,acquired,41st parameter,41st Parameter provides solutions to reduce fraud losses to make the internet a safer place to conduct business.
104,CA,37.748676,-122.415813,94110,c:4622,San Francisco,San Francisco CA 94110,Aardvark,1,7/1/2007,9/1/2011,1/1/2007,10/1/2008,-0.4959,1.2548,2.1726,4.6,21,2,6000000,2,CA,1,0,0,0,0,web,0,1,0,0,0,0,0,0,0,0,c:4622,0,1,1,0,0,0,4,1,acquired,aardvark,Aardvark is a social search engine that allows users to ask questions and receive answers from their extended network.
105,VA,38.030823,-78.48158,22902,c:202,Charlottesville,Charlottesville VA 22902,Hotelicopter,0,6/1/2006,8/1/2012,11/17/2008,3/31/2011,2.4658,4.8329,0.5863,5.6164,4,2,5000000,6,VA,0,0,0,0,1,web,0,1,0,0,0,0,0,0,0,0,c:202,0,0,1,1,0,0,1,0,closed,hotelicopter,"Hotelicopter offers a platform that enables its users to find contents, rates, and availability of hotels."
106,VA,39.035298,-77.430125,20166,c:15652,Dulles,Dulles VA 20166,Anystream,1,1/1/2000,Still Operating,1/1/2000,2/7/2007,0,7.1068,6.0055,10.9041,9,3,59000000,3,VA,0,0,0,0,1,software,1,0,0,0,0,0,0,0,0,0,c:15652,1,0,0,0,1,0,2,1,acquired,anystream,Anystream is an internet software company specializing in streaming media encoding technology.
107,IL,39.78373,-100.445882,60607,c:144825,Chicago,Chicago IL 60607,CakeStyle,0,8/1/2011,8/1/2013,8/13/2012,8/13/2012,1.0356,1.0356,0,1.0356,2,1,1000000,2,IL,0,0,0,0,1,web,0,1,0,0,0,0,0,0,0,0,c:144825,0,1,0,0,0,0,1,0,closed,cakestyle,"Cakestyle was a virtual personal styling service for women, delivering hand-selected outfits based on a user's fit and wardrobe needs."
108,CA,37.758062,-122.418642,94110,c:9772,San Francisco,San Francisco CA 94110,Fluther,1,1/1/2007,Still Operating,9/21/2009,9/21/2009,2.7233,2.7233,0.9151,6.3096,5,1,600000,3,CA,1,0,0,0,0,web,0,1,0,0,0,0,0,0,0,0,c:9772,0,1,0,0,0,0,7,1,acquired,fluther,Fluther is a question-and-answer social community providing solutions to users' inquiries on any topic.
109,CT,41.853615,-72.70375,6002,c:19101,Bloomfield,Bloomfield CT 6002,Pocket Communications Northeast,0,1/1/2006,1/1/2012,11/1/2008,2/20/2009,2.8356,3.1397,3.3781,3.7753,0,2,125000000,2,CT,0,0,0,0,1,mobile,0,0,1,0,0,0,0,0,0,0,c:19101,0,0,1,1,0,0,2,1,closed,pocket communications northeast,Pocket Communications Northeast offers wireless telecommunications services for consumers and businesses.
110,CA,34.01052,-118.495981,60401,c:1612,Santa Monica,Santa Monica CA 60401,Goodreads,1,1/15/2007,Still Operating,11/1/2007,12/9/2009,0.7945,2.9014,3.0493,6.5233,11,2,2750000,3,CA,1,0,0,0,0,web,0,1,0,0,0,0,0,0,0,0,c:1612,0,1,1,0,0,0,4,1,acquired,goodreads,"Goodreads is a mobile and web app that allows its users to find, share, recommend, read, and review the books they like."
111,CA,37.3821368,-121.970505,95054,c:17620,Santa Clara,Santa Clara CA 95054,Woven Systems,1,1/1/2003,Still Operating,12/1/2005,9/25/2007,2.9178,4.7342,3.055353048,4.754422568,1,2,30000000,0,CA,1,0,0,0,0,network_hosting,0,0,0,0,0,0,0,0,0,1,c:17620,0,0,1,1,0,0,2.5,1,acquired,woven systems,Woven Systems is a network infrastructure provider building scalable Ethernet fabric switching solutions for Internet data centers.
112,CA,37.433646,-121.886704,95035-6261,c:43873,Milpitas,Milpitas CA 95035-6261,Kolorific,0,1/1/2003,7/7/2012,1/5/2007,1/5/2007,4.0137,4.0137,3.055353048,4.754422568,0,1,7000000,0,CA,1,0,0,0,0,semiconductor,0,0,0,0,0,0,0,0,0,1,c:43873,0,0,0,0,1,0,1,0,closed,kolorific,Kolorific is a fabless semiconductor company developing video processors and software solutions for the flat panel HDTV market.
113,CA,37.45604,-122.165399,94025,c:3986,Menlo Park,Menlo Park CA 94025,Krugle,1,1/1/2006,Still Operating,5/31/2006,5/31/2006,0.411,0.411,0,2.5342,10,1,6100000,2,CA,1,0,0,0,0,search,0,0,0,0,0,0,0,0,0,1,c:3986,0,0,0,1,0,0,4,1,acquired,krugle,Krugle provides a search engine and collaboration tools for developers to interact with source code and each other.
114,CA,32.721834,-117.161797,92101,c:61592,San Diego,San Diego CA 92101,Flud,0,10/1/2010,8/8/2013,4/13/2011,9/1/2012,0.5315,1.9205,2.2548,2.9781,12,3,2100000,2,CA,1,0,0,0,0,enterprise,0,0,0,1,0,0,0,0,0,0,c:61592,1,1,0,0,0,0,4,1,closed,flud,Flud is a mobile news ecosystem with a vision to empower its users to interact with each other to access broadcast content.
115,CA,37.779281,-122.419236,94103,c:35236,San Francisco,San Francisco CA 94103,Chomp,1,9/9/2009,Still Operating,11/1/2009,3/11/2010,0.1452,0.5014,0.4959,3.011,10,2,2565000,3,CA,1,0,0,0,0,mobile,0,0,1,0,0,0,0,0,0,0,c:35236,0,1,1,0,0,0,3.5,1,acquired,chomp,Chomp is an application search platform providing information on the functionalities of various applications.
116,CA,37.584103,-122.366082,94010,c:31968,Burlingame,Burlingame CA 94010,Origen Therapeutics,0,1/1/1997,8/3/2012,10/3/2007,10/3/2007,10.7589,10.7589,3.055353048,4.754422568,0,1,2000000,0,CA,1,0,0,0,0,biotech,0,0,0,0,0,0,0,1,0,0,c:31968,0,0,0,0,0,0,1,0,closed,origen therapeutics,Origen Therapeutics develops therapeutic products from avian transgenic animal technology.
117,NC,35.76524,-78.731161,27606,c:27620,Raleigh,Raleigh NC 27606,Inlet Technologies,1,1/1/2003,Still Operating,7/26/2005,9/8/2008,2.5671,5.6904,2.0027,2.0027,3,3,22400000,1,NC,0,0,0,0,1,network_hosting,0,0,0,0,0,0,0,0,0,1,c:27620,1,0,0,1,1,0,3.6667,1,acquired,inlet technologies,Inlet Technologies offers advanced encoding solutions that deliver videos.
118,NY,40.740441,-73.993376,10011,c:9816,New York,New York NY 10011,ShopWiki,1,6/1/2005,Still Operating,7/1/2006,7/1/2006,1.0822,1.0822,6.0027,6.0027,12,1,6250000,1,NY,0,1,0,0,0,ecommerce,0,0,0,0,0,0,1,0,0,0,c:9816,0,0,1,0,0,0,1,0,acquired,shopwiki,ShopWiki is an international consumer shopping search engine connecting shoppers with online stores and products.
119,NY,40.750519,-73.993494,10001,c:52566,New York,New York NY 10001,Fondu,1,2/1/2010,Still Operating,11/1/2011,11/1/2011,1.7479,1.7479,1,2.1096,4,1,575000,2,NY,0,1,0,0,0,web,0,1,0,0,0,0,0,0,0,0,c:52566,0,1,0,0,0,0,6,0,acquired,fondu,Fondu is an online community for sharing bite-sized reviews about places to eat and drink.
120,MA,42.387597,-71.099497,2143,c:49236,Somerville,Somerville MA 2143,Loudcaster,0,8/1/2009,1/1/2012,8/1/2009,3/1/2010,0,0.5808,0,0,1,2,53000,1,MA,0,0,1,0,0,web,0,1,0,0,0,0,0,0,0,0,c:49236,0,1,0,0,0,0,1,1,closed,loudcaster,Loudcaster is an internet platform that enables anyone to create interactive online radio stations.
121,CA,37.522281,-122.258139,94065,c:2234,Redwood City,Redwood City CA 94065,TwoFish,1,1/1/2006,Still Operating,12/1/2006,10/10/2008,0.9151,2.7753,3.0027,3.6466,6,2,9500000,2,CA,1,0,0,0,0,ecommerce,0,0,0,0,0,0,1,0,0,0,c:2234,0,0,1,1,0,0,2.5,1,acquired,twofish,"TwoFish develops data platforms that manage virtual economies for social, gaming and entertainment markets."
122,TX,40.694599,-73.990638,78701,c:3505,Austin,Austin TX 78701,Workstreamer,0,10/1/2009,6/1/2013,1/1/2009,7/27/2010,-0.7479,0.8192,-1.7507,0.2521,7,2,3500000,2,TX,0,0,0,1,0,enterprise,0,0,0,1,0,0,0,0,0,0,c:3505,0,1,1,0,0,0,1,1,closed,workstreamer,"Workstreamer is a business listening platform that delivers relevant, real-time information to business professionals."
123,NY,40.729839,-73.991781,10003,c:56989,New York,New York NY 10003,Qwiki,1,10/1/2009,Still Operating,7/10/2010,3/31/2011,0.7726,1.4959,-0.5863,3.7534,14,3,10500000,3,NY,0,1,0,0,0,photo_video,0,0,0,0,0,0,0,0,0,1,c:56989,1,0,1,0,0,0,6.3333,1,acquired,qwiki,Qwiki is an industry leader in automated video production.
124,CA,37.54827,-121.988572,94538,c:28482,Fremont,Fremont CA 94538,Redwood Systems,1,1/1/2008,Still Operating,10/3/2008,5/30/2012,0.7562,4.4137,2.7836,4.0027,14,4,34250000,2,CA,1,0,0,0,0,cleantech,0,0,0,0,0,0,0,0,0,1,c:28482,1,0,1,1,1,0,2.25,1,acquired,redwood systems,Redwood Systems provides LED lighting system architecture that enables customers to reduce energy costs.
125,MA,42.37564,-71.2358,2451,c:40324,Waltham,Waltham MA 2451,Artisan Pharma,1,1/1/2006,Still Operating,9/6/2006,7/20/2010,0.6795,4.5507,3.055353048,4.754422568,2,5,85381111,0,MA,0,0,1,0,0,biotech,0,0,0,0,0,0,0,1,0,0,c:40324,0,0,1,1,1,0,4.6667,1,acquired,artisan pharma,"Artisan Pharma provides critical-care and hospital-based therapeutics to patients, treating physicians, and payors."
126,MD,39.436844,-76.618704,21093,c:1595,Timonium,Timonium MD 21093,Bill Me Later,1,1/1/2000,Still Operating,3/1/2006,12/1/2007,6.1671,7.9205,8.0055,11.2548,6,3,100000000,3,MD,0,0,0,0,1,web,0,1,0,0,0,0,0,0,0,0,c:1595,1,0,1,0,0,0,2.5,1,acquired,bill me later,Bill Me Later is a PayPal service that enables customers to purchase products without providing credit card details.
127,PA,40.441694,-79.990086,15213,c:31294,Pittsburgh,Pittsburgh PA 15213,Bueda,0,1/4/2009,6/1/2013,1/1/2008,7/1/2010,-1.011,1.4877,0.4055,1.3205,3,2,125000,2,PA,0,0,0,0,1,advertising,0,0,0,0,1,0,0,0,0,0,c:31294,1,1,0,0,0,0,1,1,closed,bueda,Bueda enabled the creation of smarter applications in markets where information overload created barriers to communication efficiency.
128,VA,38.958402,-77.357974,20191,c:43875,Reston,Reston VA 20191,Defywire,0,1/1/2003,5/1/2008,4/26/2005,3/27/2007,2.3178,4.2356,-0.3342,-0.3342,2,2,10600000,1,VA,0,0,0,0,1,mobile,0,0,1,0,0,0,0,0,0,0,c:43875,1,0,0,1,0,0,3,1,closed,defywire,"Defywire offers web-based software to develop wireless connections between teachers, administrators, students and parents."
129,CA,37.554214,-121.977451,94538,c:16562,Fremont,Fremont CA 94538,Silicon Clocks,1,1/1/2004,Still Operating,6/2/2006,6/8/2009,2.4192,5.4384,2.0027,2.0027,2,3,26100000,1,CA,1,0,0,0,0,semiconductor,0,0,0,0,0,0,0,0,0,1,c:16562,1,0,0,1,0,0,3.5,1,acquired,silicon clocks,"Silicon Clocks develops and licenses CMEMS technology to fabless electronic companies, design houses, open foundries, IDMs and more."
130,NY,40.762674,-73.9821315,10019,c:18075,New York,New York NY 10019,TheMarkets,1,1/1/2000,Still Operating,7/12/2007,7/12/2007,7.5315,7.5315,10.7342,10.7342,2,1,30000000,1,NY,0,1,0,0,0,web,0,1,0,0,0,0,0,0,0,0,c:18075,1,0,0,0,0,0,5,1,acquired,themarkets,"TheMarkets provides research, estimates and workflow solutions for institutional investment management firms."
131,IL,41.875555,-87.624421,60606,c:86120,Chicago,Chicago IL 60606,Netgamix Inc,0,9/24/2010,4/3/2012,10/15/2011,7/1/2012,1.0575,1.7699,1.0301,1.1123,6,3,132885,2,IL,0,0,0,0,1,games_video,0,0,0,0,0,1,0,0,0,0,c:86120,0,1,0,0,0,0,1,1,closed,netgamix inc,Netgamix allows users to create and play multimedia trivia games and share them in their social networks.
132,CA,37.55911,-122.303493,95054,c:12173,Santa Clara,Santa Clara CA 95054,Sentrigo,1,10/1/2006,Still Operating,5/8/2007,12/21/2010,0.6,4.2247,-0.7479,4.4767,9,3,9500000,2,CA,1,0,0,0,0,software,1,0,0,0,0,0,0,0,0,0,c:12173,0,0,1,1,1,0,2,1,acquired,sentrigo,"Sentrigo develops Hedgehog, a host-based software system that protects enterprise databases in real time."
133,CA,37.440682,-122.123103,94303,c:44650,Palo Alto,Palo Alto CA 94303,Netli,1,1/1/2000,Still Operating,2/13/2006,2/13/2006,6.1233,6.1233,6.0055,6.0055,9,1,18000000,1,CA,1,0,0,0,0,network_hosting,0,0,0,0,0,0,0,0,0,1,c:44650,1,0,0,0,0,0,7,1,acquired,netli,"Netli provides internet and network services such as hosting, storage and security services."
134,OH,39.099909,-84.504243,45202,c:70021,Cincinnati,Cincinnati OH 45202,Define My Style,0,2/1/2010,1/1/2012,12/2/2011,12/2/2011,1.8329,1.8329,1.7479,1.7479,4,1,690000,1,OH,0,0,0,0,1,web,0,1,0,0,0,0,0,0,0,0,c:70021,0,1,0,0,0,0,3,1,closed,define my style,Define My Style is a teen style-centric community offering the tools and connections for young designers and entrepreneurs.
135,GA,33.749099,-84.390185,30305,c:17660,Atlanta,Atlanta GA 30305,Firethorn,1,1/1/2001,Still Operating,3/1/2006,1/2/2007,5.1644,6.0055,3.055353048,4.754422568,1,3,25131611,0,GA,0,0,0,0,1,mobile,0,0,1,0,0,0,0,0,0,0,c:17660,1,0,0,1,0,0,1,1,acquired,firethorn,Firethorn provides mobile financial services.
136,CA,37.404788,-121.940842,95134,c:51745,San Jose,San Jose CA 95134,Wellcore,0,1/1/2007,7/1/2013,7/12/2010,7/12/2010,3.5288,3.5288,3.055353048,4.754422568,1,1,2000000,0,CA,1,0,0,0,0,hardware,0,0,0,0,0,0,0,0,0,1,c:51745,0,0,0,0,0,0,1,1,closed,wellcore,Wellcore provided a mobile personal emergency response system for seniors that enabled automatic fall detection and online monitoring.
137,MA,42.3634664,-71.0786638,2142,c:25324,Cambridge,Cambridge MA 2142,Taligen Therapeutics,1,1/1/2004,Still Operating,8/1/2005,8/23/2010,1.5836,6.6466,5.0055,7.0877,4,3,78750000,2,MA,0,0,1,0,0,biotech,0,0,0,0,0,0,0,1,0,0,c:25324,0,0,1,1,0,0,3.5,1,acquired,taligen therapeutics,Taligen Therapeutics is focused on the R&D of novel protein therapeutics for the treatment of inflammatory conditions and diseases.
138,CA,37.551441,-122.291435,94403,c:77,San Mateo,San Mateo CA 94403,Adap.tv,1,11/1/2006,Still Operating,2/1/2007,3/28/2011,0.2521,4.4055,3.3151,6.7918,27,5,48500000,3,CA,1,0,0,0,0,advertising,0,0,0,0,1,0,0,0,0,0,c:77,1,1,1,1,1,0,2.5,1,acquired,adap.tv,"Adap.tv, now a part of ONE by AOL, transforms the way programmatic video advertising is bought and sold."
139,CA,37.7795182,-122.3902619,94107,c:1895,San Francisco,San Francisco CA 94107,Current Media,0,1/1/2005,8/20/2013,7/29/2005,7/29/2005,0.5726,0.5726,5.1671,8.0082,12,1,15000000,2,CA,1,0,0,0,0,network_hosting,0,0,0,0,0,0,0,0,0,1,c:1895,0,0,1,0,0,0,3,0,closed,current media,Current Media is a cable news network and online destination allowing users to produce the news programming it puts on air and online.
140,CA,37.3166526,-122.05074,95008,c:16593,Campbell,Campbell CA 95008,ParAccel,1,1/1/2007,Still Operating,12/10/2007,4/25/2012,0.9397,5.3178,3.055353048,4.754422568,13,5,74000000,0,CA,1,0,0,0,0,analytics,0,0,0,0,0,0,0,0,0,1,c:16593,1,0,0,1,1,0,5.3333,1,acquired,paraccel,ParAccel is an integration technology-based data analysis platform for businesses to gather information from big data.
141,CA,37.783171,-122.392901,94107-4132,c:16289,San Francisco,San Francisco CA 94107-4132,Arch Rock Corporation,1,1/1/2005,Still Operating,10/1/2005,5/2/2007,0.7479,2.3315,2,2,6,2,15000000,1,CA,1,0,0,0,0,software,1,0,0,0,0,0,0,0,0,0,c:16289,0,0,1,1,0,0,3,1,acquired,arch rock corporation,Arch Rock Corporation is a systems and software company building innovative products and technology for wireless sensor networks.
142,NY,37.09024,-95.712891,10014,c:575,New York,New York NY 10014,SpiralFrog,0,1/1/2004,3/20/2009,1/1/2006,12/1/2007,2.0027,3.9178,3.0027,5.2192,8,3,45000000,3,NY,0,1,0,0,0,games_video,0,0,0,0,0,1,0,0,0,0,c:575,0,0,1,0,0,0,1,0,closed,spiralfrog,SpiralFrog is an advertising-supported online music service offering legal music and video downloads.
143,CA,37.400367,-121.985711,95054,c:15562,Santa Clara,Santa Clara CA 95054,Plusmo,1,6/1/2006,Still Operating,5/1/2008,5/1/2008,1.9178,1.9178,2.0027,2.0027,4,1,4410000,1,CA,1,0,0,0,0,mobile,0,0,1,0,0,0,0,0,0,0,c:15562,0,0,1,0,0,0,1,1,acquired,plusmo,"Plusmo offers Widget Engine, a microbrowser with JavaScript and a framework to install, provision, render and manage mobile mini apps."
144,VA,39.001619,-77.403201,20166,c:62432,Sterling,Sterling VA 20166,ZipList,1,1/1/2010,Still Operating,1/1/2010,11/24/2010,0,0.8959,2,2.6767,9,2,4500000,2,VA,0,0,0,0,1,web,0,1,0,0,0,0,0,0,0,0,c:62432,0,0,1,1,0,0,2,1,acquired,ziplist,ZipList is a free shopping list management tool that enables users to create and share grocery lists with family members.
145,CA,37.788653,-122.401333,94105,c:8100,San Francisco,San Francisco CA 94105,Involver,1,1/1/2007,Still Operating,9/2/2008,10/14/2010,1.6712,3.7863,4.6685,5.6849,11,3,11040000,2,CA,1,0,0,0,0,software,1,0,0,0,0,0,0,0,0,0,c:8100,0,0,1,1,1,0,2.5,1,acquired,involver,Involver offers a social marketing platform that provides SaaS-based tools to help businesses manage their marketing on social media sites.
146,CA,37.779281,-122.419236,94107,c:62262,San Francisco,San Francisco CA 94107,Lionside,1,1/1/2009,Still Operating,11/19/2010,11/19/2010,1.8822,1.8822,1.3288,2.9479,6,1,1600000,2,CA,1,0,0,0,0,games_video,0,0,0,0,0,1,0,0,0,0,c:62262,0,0,1,0,0,0,3,1,acquired,lionside,Lionside develops web games based on social gaming mechanics.
147,NY,40.73901,-73.997259,10011,c:3686,New York,New York NY 10011,Game Trust,1,1/1/2002,Still Operating,6/1/2005,11/15/2005,3.4164,3.874,7.7534,7.7534,3,2,9000000,1,NY,0,1,0,0,0,software,1,0,0,0,0,0,0,0,0,0,c:3686,1,0,0,1,0,0,4,1,acquired,game trust,Game Trust offers infrastructure for community and commerce apps in the online games and entertainment industry.
148,CA,37.5484187,-122.3151646,94403,c:82805,San Mateo,San Mateo CA 94403,Nearbuy Systems,1,4/1/2010,Still Operating,7/21/2011,11/23/2012,1.3041,2.6493,0,3.6767,4,3,3282327,2,CA,1,0,0,0,0,analytics,0,0,0,0,0,0,0,0,0,1,c:82805,1,0,0,0,0,0,2,1,acquired,nearbuy systems,Nearbuy Systems is a SaaS-based platform providing Wi-Fi infrastructure for brick-and-mortar retailers.
149,CA,37.55818,-122.276454,94404,c:196,Foster City,Foster City CA 94404,Visible Path,1,1/1/2002,Still Operating,3/1/2006,3/1/2006,4.1644,4.1644,5.5836,11.3918,5,2,24700000,5,CA,1,0,0,0,0,web,0,1,0,0,0,0,0,0,0,0,c:196,0,0,1,1,0,0,4,1,acquired,visible path,Visible Path is a business social network allowing users to organize and display their business contacts.
150,GA,33.774486,-84.385448,30308,c:28114,Atlanta,Atlanta GA 30308,VT Silicon,0,1/1/2002,9/20/2010,9/12/2007,11/19/2008,5.6986,6.8877,3.055353048,4.754422568,2,2,8800000,0,GA,0,0,0,0,1,semiconductor,0,0,0,0,0,0,0,0,0,1,c:28114,1,0,1,0,0,0,1,1,closed,vt silicon,VT Silicon is a fabless semiconductor company focusing on providing multi-band radio frequency integrated circuit solutions.
151,CA,34.0342337,-118.4536137,90025,c:13277,Los Angeles,Los Angeles CA 90025,GetBack,0,9/1/2007,11/22/2010,11/6/2008,11/6/2008,1.1836,1.1836,0.9178,0.9178,1,1,1700000,1,CA,1,0,0,0,0,web,0,1,0,0,0,0,0,0,0,0,c:13277,0,0,1,0,0,0,1,0,closed,getback,GetBack Media is a broadband entertainment community and pop culture marketplace that provides user interaction around media content.
152,CA,37.835676,-122.263548,94609,c:63217,Oakland,Oakland CA 94609,Slipstream,0,6/1/2010,5/1/2013,8/31/2010,8/31/2010,0.2493,0.2493,0,0.7781,1,1,20000,2,CA,1,0,0,0,0,web,0,1,0,0,0,0,0,0,0,0,c:63217,0,1,0,0,0,0,1,0,closed,slipstream,Slipstream was an application used in Twitter to hide unwanted information in users' accounts.
153,CA,37.5541073,-121.9756765,94538,c:2534,Fremont,Fremont CA 94538,HipLogic,1,1/1/2005,Still Operating,2/8/2008,12/2/2009,3.1041,4.9205,5.0027,8.3534,10,2,11500000,5,CA,1,0,0,0,0,mobile,0,0,1,0,0,0,0,0,0,0,c:2534,0,0,1,1,0,0,2.5,1,acquired,hiplogic,HipLogic is a mobile content delivery platform offering user interface designs for device manufacturers and network operators.
154,CA,38.279431,-122.668452,94954,c:5264,Petaluma,Petaluma CA 94954,Dilithium Networks,0,1/1/2001,10/1/2012,4/23/2003,6/3/2010,2.3068,9.4247,4.4986,11.4164,12,7,98170000,3,CA,1,0,0,0,0,mobile,0,0,1,0,0,0,0,0,0,0,c:5264,1,0,0,1,1,1,5.2,1,closed,dilithium networks,Dilithium offered high-quality multimedia delivery over mobile and broadband networks to any device.
155,CA,37.7824533,-122.3879489,94107,c:58512,San Francisco,San Francisco CA 94107,Yobongo,1,1/1/2010,Still Operating,3/23/2011,3/23/2011,1.2219,1.2219,0.7479,2.6849,2,1,1350000,3,CA,1,0,0,0,0,web,0,1,0,0,0,0,0,0,0,0,c:58512,0,1,0,0,0,0,10,1,acquired,yobongo,"Yobongo is a mobile communication startup enabling users to chat based on location, real-time and identity."
156,IL,41.8851542,-87.6223183,60601,c:12957,Chicago,Chicago IL 60601,Brickfish,1,11/1/2005,Still Operating,7/16/2010,7/16/2010,4.7068,4.7068,2.989,6.863,17,1,940261,2,IL,0,0,0,0,1,software,1,0,0,0,0,0,0,0,0,0,c:12957,0,0,1,0,0,0,1,1,acquired,brickfish,"Brickfish provide social media software that enables brands to build, manage and monitor social engagement and ROI."
157,MA,42.360253,-71.058291,2109,c:34499,Boston,Boston MA 2109,MyEnergy,1,6/4/2007,Still Operating,2/1/2009,2/3/2011,1.6658,3.6712,3.6658,3.6712,12,2,4000000,3,MA,0,0,1,0,0,web,0,1,0,0,0,0,0,0,0,0,c:34499,0,1,1,0,0,0,3,1,acquired,myenergy,MyEnergy is a personalized guide to energy savings with tips and incentives for reducing energy consumption and saving on utility bills.
158,CA,37.36883,-122.03635,94085,c:34028,Sunnyvale,Sunnyvale CA 94085,LikeList,0,1/1/2008,12/6/2012,12/15/2009,12/15/2009,1.9562,1.9562,1.0027,1.0027,5,1,5000000,1,CA,1,0,0,0,0,web,0,1,0,0,0,0,0,0,0,0,c:34028,0,0,1,0,0,0,1,0,closed,likelist,LikeList is a word-of-mouth service that enables consumers to share and discover trusted local businesses.
159,VA,38.881717,-77.089398,22201,c:23335,Arlington,Arlington VA 22201,Social Collective,0,4/17/2009,3/6/2012,4/18/2009,4/18/2009,0.0027,0.0027,0.5836,0.5836,3,1,20000,1,VA,0,0,0,0,1,web,0,1,0,0,0,0,0,0,0,0,c:23335,0,1,0,0,0,0,1,0,closed,social collective,Social Collective develops software that provides hosted services for event organizers.
160,WA,47.60732,-122.335746,98101,c:30526,Seattle,Seattle WA 98101,Pure Networks,1,1/1/2002,Still Operating,1/11/2006,1/11/2006,4.0301,4.0301,3.0027,3.0027,5,1,12500000,1,WA,0,0,0,0,1,network_hosting,0,0,0,0,0,0,0,0,0,1,c:30526,0,0,0,1,0,0,3,1,acquired,pure networks,"Pure Networks provides equipment management, content and digital services to individuals and companies."
161,CO,39.568064,-104.977831,80112,c:42519,Centennial,Centennial CO 80112,Internet Pawn,0,1/1/2009,3/1/2013,5/5/2010,8/27/2013,1.3397,4.6548,1.3589,1.3753,0,5,7228704,2,CO,0,0,0,0,1,finance,0,0,0,0,0,0,0,0,0,1,c:42519,1,0,1,0,0,0,2,1,closed,internet pawn,Internet Pawn is a web-based pawnshop in the U.S. that offers loans based on the collateral of a person's valuables.
162,IL,41.940611,-87.835972,60631,c:48376,Chicago,Chicago IL 60631,NeuroTherapeutics Pharma,0,1/1/2006,6/1/2013,5/20/2010,12/15/2011,4.3836,5.9562,5.4986,5.4986,5,2,55000000,1,IL,0,0,0,0,1,biotech,0,0,0,0,0,0,0,1,0,0,c:48376,1,0,0,1,0,0,4,1,closed,neurotherapeutics pharma,NeuroTherapeutics Pharma develops therapeutics for patients suffering from central nervous system disorders.
163,CA,37.560155,-122.285588,94404,c:15693,San Mateo,San Mateo CA 94404,Provade,1,1/1/2004,Still Operating,1/23/2006,8/11/2010,2.063,6.6137,3.055353048,4.754422568,5,4,15180000,0,CA,1,0,0,0,0,enterprise,0,0,0,1,0,0,0,0,0,0,c:15693,1,0,1,0,1,0,1,1,acquired,provade,Provade is SaaS for managing work force related services procurement (Enterprise-VMS)
164,CA,37.404788,-121.940842,95134,c:47587,San Jose,San Jose CA 95134,Infineta Systems,0,1/1/2008,1/1/2012,5/7/2010,6/6/2011,2.3479,3.4301,2.3562,4.0027,4,2,30000000,2,CA,1,0,0,0,0,software,1,0,0,0,0,0,0,0,0,0,c:47587,0,0,1,1,0,0,2.5,1,closed,infineta systems,Infineta Systems is a network infrastructure company developing network optimization products for enterprise data center interconnects.
165,TX,30.268236,-97.740651,78701,c:1669,Austin,Austin TX 78701,Challenge Games,1,1/1/2006,Still Operating,7/10/2008,9/1/2008,2.5233,2.6685,3.0027,4.4247,11,2,14500000,3,TX,0,0,0,1,0,network_hosting,0,0,0,0,0,0,0,0,0,1,c:1669,0,0,1,1,0,0,1.5,1,acquired,challenge games,Challenge Games creates online social games and helps people play with and against friends.
166,CA,37.758229,-122.439512,94114,c:421,San Francisco,San Francisco CA 94114,Crowd Factory,1,1/1/2009,Still Operating,1/26/2011,1/26/2011,2.0685,2.0685,2.5808,4.3671,6,1,6500000,3,CA,1,0,0,0,0,advertising,0,0,0,0,1,0,0,0,0,0,c:421,1,0,0,0,0,0,3,1,acquired,crowd factory,Crowd Factory is a SaaS-based social marketing platform helping businesses to connect with new customers and promote their business.
167,TN,35.149022,-90.051628,38103-4717,c:155621,Memphis,Memphis TN 38103-4717,Friendsignia,0,1/29/2012,6/1/2013,1/29/2012,1/29/2012,0,0,0,0,2,1,15000,1,TN,0,0,0,0,1,web,0,1,0,0,0,0,0,0,0,0,c:155621,0,1,0,0,0,0,1,0,closed,friendsignia,Friendsignia is a relationship management tool that filters data from social networks to display the most relevant connections.
168,NY,40.730646,-73.986614,10013,c:40782,New York,New York NY 10013,Vizibility,1,7/1/2009,Still Operating,3/24/2010,2/6/2013,0.7288,3.6055,1.589,4.1041,5,5,4705910,3,NY,0,1,0,0,0,mobile,0,0,1,0,0,0,0,0,0,0,c:40782,1,1,0,0,0,0,3,1,acquired,vizibility,Vizibility is a mobile business card platform that uses QR codes and NFC.
169,CA,37.5783263,-122.3485679,94010-4031,c:51306,Burlingame,Burlingame CA 94010-4031,OpenFeint,1,1/1/2008,Still Operating,10/21/2010,10/21/2010,2.8055,2.8055,3.0027,4.6493,6,1,3000000,2,CA,1,0,0,0,0,games_video,0,0,0,0,0,1,0,0,0,0,c:51306,1,0,0,0,0,0,1,1,acquired,openfeint,OpenFeint is a social platform for mobile games that allows social networking features to be integrated into the game's functionality.
170,NY,40.743808,-73.983626,10016,c:1088,New York,New York NY 10016,Tumblr,1,2/1/2007,Still Operating,10/31/2007,1/1/2012,0.7452,4.9178,3.0438,6.8411,30,6,125250000,5,NY,0,1,0,0,0,web,0,1,0,0,0,0,0,0,0,0,c:1088,1,0,1,1,1,1,3.5,1,acquired,tumblr,"Tumblr, a microblogging platform and social networking website, enables users to post multimedia and other content to a short-form blog."
171,NY,40.730646,-73.986614,10013,c:34522,New York,New York NY 10013,Hotlist,0,1/1/2008,5/1/2013,5/1/2008,1/1/2012,0.3315,4.0027,2.3644,3.6685,8,4,1449998,3,NY,0,1,0,0,0,social,0,0,0,0,0,0,0,0,0,1,c:34522,1,1,0,0,0,0,1,1,closed,hotlist,Hotlist was a location-based social media platform that helped friends coordinate plans and discover the latest events.
172,MA,42.3751,-71.105616,2139,c:83692,Cambridge,Cambridge MA 2139,Crashlytics,1,2/1/2011,Still Operating,10/13/2011,4/10/2012,0.6959,1.189,0.663,2.6247,5,2,6000000,3,MA,0,0,1,0,0,mobile,0,0,1,0,0,0,0,0,0,0,c:83692,0,1,1,0,0,0,6,1,acquired,crashlytics,Crashlytics offers a crash-reporting solution for Android and iOS.
173,MN,45.006515,-93.46651,55441,c:43831,Plymouth,Plymouth MN 55441,BridgePoint Medical,1,1/1/2005,Still Operating,1/23/2007,3/25/2011,2.0603,6.2301,3.055353048,4.754422568,7,3,28200000,0,MN,0,0,0,0,1,medical,0,0,0,0,0,0,0,0,0,1,c:43831,1,0,0,1,1,0,3,1,acquired,bridgepoint medical,BridgePoint develops proprietary technology for the treatment of chronic total occlusions.
174,CA,37.777741,-122.412198,94104,c:28428,San Francisco,San Francisco CA 94104,Recurve,1,8/1/2005,Still Operating,9/23/2008,6/17/2010,3.1479,4.8795,5.0027,5.0027,5,2,14000000,1,CA,1,0,0,0,0,software,1,0,0,0,0,0,0,0,0,0,c:28428,1,0,1,0,0,0,2,1,acquired,recurve,Recurve develops software for contractors who audit homes to increase energy efficiency and perform construction services.
175,TX,30.35504,-97.801083,78730,c:17974,Austin,Austin TX 78730,Conformity,0,7/1/2007,1/1/2009,1/28/2009,1/28/2009,1.5808,1.5808,2.2521,2.5342,14,1,3000000,2,TX,0,0,0,1,0,enterprise,0,0,0,1,0,0,0,0,0,0,c:17974,0,0,1,0,0,0,1,0,closed,conformity,Conformity is a provider of an enterprise-class management and governance platform for cloud applications.
176,WA,39.78373,-100.445882,98104,c:81475,Seattle,Seattle WA 98104,Moprise,0,1/1/2010,7/1/2013,7/8/2011,10/7/2011,1.5151,1.7644,0.7479,0.7479,6,2,2238055,1,WA,0,0,0,0,1,enterprise,0,0,0,1,0,0,0,0,0,0,c:81475,1,1,0,0,0,0,1,1,closed,moprise,"Moprise is a cloud-based solution that enables enterprise users to access, share and collaborate on business content from mobile devices."
177,CA,37.779281,-122.419236,94108,c:76543,San Francisco,San Francisco CA 94108,Plizy,0,9/1/2010,6/1/2013,5/19/2011,12/13/2012,0.7123,2.2849,1.9507,2.2822,5,2,5200000,2,CA,1,0,0,0,0,photo_video,0,0,0,0,0,0,0,0,0,1,c:76543,1,0,1,0,0,0,1,1,closed,plizy,"Plizy was a cloud-based media center that allowed its users to search, organize, watch, and share videos and movies."
178,PA,40.0708709,-75.302716,19428,c:84161,Conshohocken,Conshohocken PA 19428,ShopRunner,1,1/1/2010,Still Operating,8/19/2013,8/19/2013,3.6329,3.6329,1.1479,3.7781,4,1,75000000,4,PA,0,0,0,0,1,ecommerce,0,0,0,0,0,0,1,0,0,0,c:84161,1,0,0,0,0,0,1,0,acquired,shoprunner,"ShopRunner is an e-commerce platform providing shipping, free returns, discounts, and seamless checkout for more than 100 brands."
179,MA,42.296111,-71.238524,2494,c:810,Needham,Needham MA 2494,RatePoint,0,9/1/2006,2/2/2012,1/29/2007,8/20/2010,0.411,3.9699,4.2521,5.7671,13,4,24500000,4,MA,0,0,1,0,0,software,1,0,0,0,0,0,0,0,0,0,c:810,0,0,1,1,1,0,2.5,1,closed,ratepoint,RatePoint is a provider of customer feedback and online reputation management services.
180,CA,33.63776,-117.855989,92660,c:16488,Newport Beach,Newport Beach CA 92660,Digital Performance,0,1/1/2002,10/1/2012,11/27/2006,2/5/2010,4.9068,8.1014,3.055353048,4.754422568,3,3,4476171,0,CA,1,0,0,0,0,advertising,0,0,0,0,1,0,0,0,0,0,c:16488,1,0,1,0,0,0,2,1,closed,digital performance,Digital Performance offered e-business solutions for the automotive aftermarket industry.
181,TX,30.2729209,-97.7443863,78701,c:11042,Austin,Austin TX 78701,Gowalla,1,8/28/2007,Still Operating,2/27/2008,1/28/2010,0.5014,2.4219,2.8192,5.8849,21,3,10400001,3,TX,0,0,0,1,0,web,0,1,0,0,0,0,0,0,0,0,c:11042,0,0,1,1,0,0,6,1,acquired,gowalla,"Gowalla is a social guide for its users to share and discover photos, experiences and recommendations of places and citie"
182,CO,40.138979,-105.124465,80501,c:17633,Longmont,Longmont CO 80501,Copan Systems,1,1/1/2002,Still Operating,3/8/2006,2/17/2009,4.1836,7.1342,5.0027,5.0027,8,3,68400000,1,CO,0,0,0,0,1,network_hosting,0,0,0,0,0,0,0,0,0,1,c:17633,1,0,0,0,1,1,6.5,1,acquired,copan systems,"Copan Systems offers a persistent data platform for cost-effective management, storage, access and recovery of data."
183,CA,37.512318,-122.200914,94063,c:3187,Redwood City,Redwood City CA 94063,Replay Solutions,1,1/1/2004,Still Operating,12/5/2006,8/18/2008,2.9288,4.6329,3.055353048,4.754422568,13,2,15200000,0,CA,1,0,0,0,0,software,1,0,0,0,0,0,0,0,0,0,c:3187,0,0,1,1,0,0,2,1,acquired,replay solutions,"Replay Solutions creates software to help software developers get their products done on time, with as few bugs as possible."
184,NY,40.728425,-73.999882,10012,c:164922,New York,New York NY 10012,Turf Geography Club,0,1/1/2011,2/1/2013,8/15/2011,8/2/2012,0.6192,1.5863,3.055353048,4.754422568,2,2,890000,0,NY,0,1,0,0,0,mobile,0,0,1,0,0,0,0,0,0,0,c:164922,0,1,0,0,0,0,3,1,closed,turf geography club,Turf Geography Club develops location-based mobile games.
185,CA,37.779281,-122.419236,94108,c:81886,San Francisco,San Francisco CA 94108,skyrockit,0,1/1/2001,4/1/2012,7/12/2011,7/12/2011,10.5315,10.5315,3.055353048,4.754422568,0,1,2600000,0,CA,1,0,0,0,0,mobile,0,0,1,0,0,0,0,0,0,0,c:81886,1,0,0,0,0,0,1,1,closed,skyrockit,"skyrockit is a mobile entertainment agency that offers products and services to brands, media, and technology companies."
186,IL,41.800255,-88.149362,60563,c:54585,Naperville,Naperville IL 60563,Cartavi,1,1/1/2009,Still Operating,11/13/2012,11/13/2012,3.8685,3.8685,3.8301,4.0877,7,1,1226270,2,IL,0,0,0,0,1,enterprise,0,0,0,1,0,0,0,0,0,0,c:54585,0,1,0,0,0,0,1,1,acquired,cartavi,Cartavi is a cloud-based document-sharing solution and a smartphone app designed for real estate professionals.
187,CA,34.147047,-118.148896,91101,c:11507,Pasadena,Pasadena CA 91101,Cramster,1,1/1/2002,Still Operating,9/25/2008,4/14/2010,6.737,8.2877,6.7534,6.7534,5,2,9000000,1,CA,1,0,0,0,0,web,0,1,0,0,0,0,0,0,0,0,c:11507,0,0,1,1,0,0,1,0,acquired,cramster,"Cramster offers online homework and textbook help for college and high school students in areas such as math, science and business."
188,CA,37.317847,-121.948469,95128,c:24860,San Jose,San Jose CA 95128,Certify Data Systems,1,1/1/2004,Still Operating,8/25/2008,2/15/2012,4.6521,8.1288,6.0055,6.0055,4,4,7210210,1,CA,1,0,0,0,0,enterprise,0,0,0,1,0,0,0,0,0,0,c:24860,1,0,1,1,0,0,1,0,acquired,certify data systems,Certify Data Systems offers an HIE platform that enables healthcare providers to exchange essential health information in real time.
189,CA,37.779281,-122.419236,94103,c:148750,San Francisco,San Francisco CA 94103,Wheelz,1,1/1/2011,Still Operating,9/28/2011,2/22/2012,0.7397,1.1425,0.5808,0.5808,15,2,15700000,1,CA,1,0,0,0,0,automotive,0,0,0,0,0,0,0,0,0,1,c:148750,0,0,1,0,0,0,3,1,acquired,wheelz,Wheelz provides a car sharing platform facilitating economic opportunities for car owners by leasing their vehicles to non-owners.
190,MA,42.37564,-71.2358,2451,c:45611,Waltham,Waltham MA 2451,CentrePath,1,1/1/2000,Still Operating,9/6/2005,4/24/2006,5.6849,6.3151,5.0055,5.0055,4,2,15050000,1,MA,0,0,1,0,0,software,1,0,0,0,0,0,0,0,0,0,c:45611,1,0,0,0,1,0,2.5,1,acquired,centrepath,"CentrePath develops and markets data center networking solutions to healthcare, financial services, media, and entertainment industries."
191,CA,37.8093381,-122.4166061,94111,c:4106,San Francisco,San Francisco CA 94111,VoxPop Network Corporation,1,8/1/2006,Still Operating,5/1/2007,5/1/2009,0.7479,2.7507,1.5836,4.5315,5,2,3500000,2,CA,1,0,0,0,0,games_video,0,0,0,0,0,1,0,0,0,0,c:4106,0,0,1,1,0,0,3,1,acquired,voxpop network corporation,VoxPop Network Corporation is a gaming network for online publishers to make and distribute games based on current events and topics.
192,CA,37.4384108,-121.9240273,95035,c:17775,Milpitas,Milpitas CA 95035,OpVista,0,1/1/2000,8/1/2009,6/22/2006,5/7/2007,6.4767,7.3507,5.0055,5.0055,2,2,43000000,1,CA,1,0,0,0,0,software,1,0,0,0,0,0,0,0,0,0,c:17775,0,0,0,0,1,1,1,1,closed,opvista,OpVista develops optical transport systems for metro and regional networks that deliver scalable and reconfigurable WDM.
193,CA,37.775196,-122.419204,94105,c:144,San Francisco,San Francisco CA 94105,Metaweb Technologies,1,1/1/2005,Still Operating,3/1/2006,1/15/2008,1.1616,3.0384,3.2658,5.5397,7,2,57000000,2,CA,1,0,0,0,0,web,0,1,0,0,0,0,0,0,0,0,c:144,0,0,1,1,0,0,3.5,1,acquired,metaweb technologies,Metaweb Technologies develops a community-curated database and semantic data storage infrastructure for the web.
194,CA,37.788115,-122.397141,94105,c:13046,San Francisco,San Francisco CA 94105,DocVerse,1,9/1/2007,Still Operating,7/23/2008,7/23/2008,0.8932,0.8932,0.8329,4.2137,8,1,1300000,4,CA,1,0,0,0,0,web,0,1,0,0,0,0,0,0,0,0,c:13046,0,1,0,0,0,0,4,1,acquired,docverse,"DocVerse offers a plug-in for MS Word, PowerPoint, and Excel that turns these apps into full-fledged, web-enabled, collaboration tools."
195,CA,32.902266,-117.20834,92121,c:40,San Diego,San Diego CA 92121,Veoh,1,1/1/2004,Still Operating,7/1/2005,6/3/2008,1.4986,4.4247,4.0877,9.737,15,4,69750000,4,CA,1,0,0,0,0,games_video,0,0,0,0,0,1,0,0,0,0,c:40,0,0,1,1,1,1,5,1,acquired,veoh,"Veoh is an Internet TV service enabling viewers to discover, watch and personalize their online viewing experience."
196,MA,42.341899,-71.065924,2118,c:26460,Boston,Boston MA 2118,BzzAgent,1,1/1/2001,Still Operating,1/1/2004,1/1/2006,3,5.0027,9.6247,10.3945,16,2,14500000,2,MA,0,0,1,0,0,advertising,0,0,0,0,1,0,0,0,0,0,c:26460,0,1,0,1,0,0,2,1,acquired,bzzagent,BzzAgent helps the world’s largest brands engage everyday influencers to drive sales.
197,CA,37.40006,-122.049689,94043,c:15887,Mountain View,Mountain View CA 94043,Hammerhead Systems,0,1/1/2002,3/23/2009,1/31/2006,8/1/2007,4.0849,5.5836,3.055353048,4.754422568,2,2,48000000,0,CA,1,0,0,0,0,hardware,0,0,0,0,0,0,0,0,0,1,c:15887,0,0,0,0,1,1,6,1,closed,hammerhead systems,"Hammerhead Systems provides MPLS, and Ethernet aggregation and switching solutions for residential broadband and wireless backhaul markets."
198,PA,40.418851,-79.904163,15218,c:36742,Pittsburgh,Pittsburgh PA 15218,ThermalTherapeuticSystems,0,6/1/2006,3/13/2013,12/1/2009,11/9/2011,3.5041,5.4438,3.055353048,4.754422568,3,2,3508462,0,PA,0,0,0,0,1,medical,0,0,0,0,0,0,0,0,0,1,c:36742,1,0,1,0,0,0,3,1,closed,thermaltherapeuticsystems,ThermalTherapeutic Systems is focused on developing medical devices.
199,CA,37.778613,-122.395289,94404,c:3962,San Mateo,San Mateo CA 94404,GuardianEdge Technologies,1,1/1/2002,Still Operating,6/6/2005,7/23/2007,3.4301,5.5589,7.8384,7.8384,10,3,19500000,1,CA,1,0,0,0,0,software,1,0,0,0,0,0,0,0,0,0,c:3962,0,0,1,1,0,0,3.3333,1,acquired,guardianedge technologies,GuardianEdge is a company offering endpoint data protection that enables enterprises to safeguard confidential and proprietary data.
200,CA,34.019657,-118.487549,90405,c:162116,Santa Monica,Santa Monica CA 90405,Gradient X,1,1/1/2012,Still Operating,6/20/2012,6/20/2012,0.4685,0.4685,1.1041,1.6795,5,1,3750000,3,CA,1,0,0,0,0,mobile,0,0,1,0,0,0,0,0,0,0,c:162116,0,0,0,0,0,0,9,1,acquired,gradient x,Gradient X is a programmatic marketing platform enabling advertisers to capitalize on the potential of mobile media.
201,IL,41.817807,-88.173402,60555,c:55044,Warrenville,Warrenville IL 60555,ezzai - how to arabia,0,8/1/2010,8/1/2011,8/1/2010,8/1/2010,0,0,3.055353048,4.754422568,1,1,45000000,0,IL,0,0,0,0,1,web,0,1,0,0,0,0,0,0,0,0,c:55044,0,0,0,0,0,0,2,0,closed,ezzai - how to arabia,Ezzai is a professional “How-To-Guide” community that enables posts and articles from a wide variety of users.
202,NC,35.79181,-78.74123,27607,c:7207,Raleigh,Raleigh NC 27607,rPath,0,4/1/2005,5/1/2013,1/24/2006,10/22/2010,0.8164,5.5616,4.5562,7.9863,8,4,32500000,3,NC,0,0,0,0,1,enterprise,0,0,0,1,0,0,0,0,0,0,c:7207,0,0,1,1,1,1,2.75,1,closed,rpath,"rPath provides an automation platform for application deployment and maintenance across physical, virtual, and cloud environments."
203,PA,40.063476,-75.457492,19312,c:863,Berwyn,Berwyn PA 19312,Boomi,1,3/1/2000,Still Operating,1/1/2002,7/1/2008,1.8384,8.3397,5.674,13.5562,4,2,4900000,5,PA,0,0,0,0,1,enterprise,0,0,0,1,0,0,0,0,0,0,c:863,0,1,0,1,0,0,1.5,1,acquired,boomi,Boomi provides cloud integration solutions via a SaaS-based platform for providers to stay connected with their consumers.
