,state_code,latitude,longitude,zip_code,id,city,Unnamed: 6,name,labels,founded_at,closed_at,first_funding_at,last_funding_at,age_first_funding_year,age_last_funding_year,age_first_milestone_year,age_last_milestone_year,relationships,funding_rounds,funding_total_usd,milestones,state_code.1,is_CA,is_NY,is_MA,is_TX,is_otherstate,category_code,is_software,is_web,is_mobile,is_enterprise,is_advertising,is_gamesvideo,is_ecommerce,is_biotech,is_consulting,is_othercategory,object_id,has_VC,has_angel,has_roundA,has_roundB,has_roundC,has_roundD,avg_participants,is_top500,status,link_name,company_description
306,ME,43.643967,-70.923675,4095,c:158294,West Newfield,West Newfield ME 4095,Newfield Design,0,01-01-08,06-01-13,5/14/2012,5/14/2012,4.3699,4.3699,3.055353048,4.754422568,0,1,662000,0,ME,0,0,0,0,1,manufacturing,0,0,0,0,0,0,0,0,0,1,c:158294,0,0,1,0,0,0,3,0,closed,newfield design,Newfield Design develops and manufactures communication systems infrastructure.
307,NY,40.73901,-73.997259,10011,c:58550,New York,New York NY 10011,Savored,1,01-01-10,Still Operating,01-01-10,01-10-11,0,1.0247,2.0055,2.7315,12,2,3750000,2,NY,0,1,0,0,0,hospitality,0,0,0,0,0,0,0,0,0,1,c:58550,0,1,1,0,0,0,4,1,acquired,savored,Savored is a platform that provides yield management solutions for the restaurant industry.
308,CA,37.764726,-122.394523,94107,c:4,San Francisco,San Francisco CA 94107,Digg,1,10-11-04,Still Operating,10-01-05,07-12-11,0.9726,6.7534,5.2466,9.1534,57,4,45000000,8,CA,1,0,0,0,0,news,0,0,0,0,0,0,0,0,0,1,c:4,0,0,1,1,1,1,4.6667,1,acquired,digg,"Digg Inc. operates a website that enables its users to find, read, and share the most interesting and talked about stories on the internet."
309,NY,40.7473113,-73.9549182,11101,c:1475,Long Island City,Long Island City NY 11101,Songza,1,11-01-07,Still Operating,9/19/2011,09-10-13,3.8849,5.863,2.8356,6.1123,9,2,6700000,4,NY,0,1,0,0,0,music,0,0,0,0,0,0,0,0,0,1,c:1475,1,0,0,0,0,0,8,1,acquired,songza,Songza is a music streaming and recommendation service offering curated playlists based on the time of day or a user's mood or activity.
310,CA,37.536402,-122.325129,94065,c:23134,Redwood City,Redwood City CA 94065,Bigfoot Networks,1,01-01-06,Still Operating,03-06-06,11/17/2009,0.1753,3.8795,2,4.474,12,3,20750000,2,CA,1,0,0,0,0,hardware,0,0,0,0,0,0,0,0,0,1,c:23134,1,0,1,1,0,0,2.3333,1,acquired,bigfoot networks,Bigfoot Networks develops hardware and software solutions that maximize network performance for online gaming and other real-time apps.
311,CA,37.786942,-122.401245,94105,c:453,San Francisco,San Francisco CA 94105,Kongregate,1,01-01-06,Still Operating,03-01-07,07-02-13,1.1616,7.5041,3.055353048,4.754422568,5,4,19000000,0,CA,1,0,0,0,0,games_video,0,0,0,0,0,1,0,0,0,0,c:453,0,0,1,1,1,0,2,1,acquired,kongregate,Kongregate is a mobile game publisher and web gaming portal.
312,CA,37.778613,-122.395289,94107,c:30,San Francisco,San Francisco CA 94107,Powerset,1,10-01-06,Still Operating,05-01-06,06-01-07,-0.4192,0.6658,3.055353048,4.754422568,20,3,22500000,0,CA,1,0,0,0,0,search,0,0,0,0,0,0,0,0,0,1,c:30,1,0,1,0,0,0,4,1,acquired,powerset,Powerset is a search engine focused on in-depth natural language processing.
313,CA,37.792394,-122.402349,94104,c:282,San Francisco,San Francisco CA 94104,Kiptronic,1,05-01-05,Still Operating,11-01-05,06-05-08,0.5041,3.0986,2.2384,3.7562,10,3,7300000,3,CA,1,0,0,0,0,advertising,0,0,0,0,1,0,0,0,0,0,c:282,0,1,1,1,0,0,2,1,acquired,kiptronic,Kiptronic offers a platform for inserting video and audio ads into digital media for consumption on any device.
315,WA,47.582658,-122.135282,98007,c:9599,Bellevue,Bellevue WA 98007,Likewise Software,1,11-01-04,Still Operating,4/30/2009,4/30/2009,4.4959,4.4959,3.055353048,4.754422568,4,1,10000000,0,WA,0,0,0,0,1,software,1,0,0,0,0,0,0,0,0,0,c:9599,0,0,0,0,1,0,3,1,acquired,likewise software,Likewise Software provides identity management solutions to achieve security compliances of businesses in mixed network environments.
316,NY,40.73901,-73.997259,10011,c:63621,NY,NY NY 10011,Lifestander,0,09-01-10,06-01-13,10-02-10,10-02-10,0.0849,0.0849,0,0,1,1,31000,1,NY,0,1,0,0,0,web,0,1,0,0,0,0,0,0,0,0,c:63621,0,1,0,0,0,0,2,0,closed,lifestander,"Lifestander was a platform for sharing a user's life story, experiences and adventures through context-rich-content (CRC)."
317,CA,37.451026,-122.18676,94025,c:251,Menlo Park,Menlo Park CA 94025,Jaxtr,1,10-01-05,Still Operating,07-01-07,6/23/2008,1.7479,2.7288,1.7479,6.1452,16,3,21500000,4,CA,1,0,0,0,0,mobile,0,0,1,0,0,0,0,0,0,0,c:251,0,0,1,1,0,0,3.3333,1,acquired,jaxtr,Jaxtr enables users to receive calls from their friends through a VOIP connection and keep their personal phone numbers private.
318,CO,39.540323,-104.857271,80112,c:12285,Englewood,Englewood CO 80112,MX Logic,1,01-01-02,Still Operating,11-07-06,11-07-06,4.8521,4.8521,6.5863,6.5863,5,1,4000000,1,CO,0,0,0,0,1,security,0,0,0,0,0,0,0,0,0,1,c:12285,0,0,0,0,0,0,5,1,acquired,mx logic,MX Logic provides email defense solutions that protect against email-borne threats and help businesses meet compliance regulations.
319,CA,33.020832,-117.077311,90275,c:885,Solana Beach,Solana Beach CA 90275,Metaplace,1,07-01-06,Still Operating,01-01-07,3/15/2010,0.5041,3.7068,2.9863,4.0219,5,3,9400000,4,CA,1,0,0,0,0,games_video,0,0,0,0,0,1,0,0,0,0,c:885,1,0,1,1,0,0,4,1,acquired,metaplace,Metaplace is a fast-paced and venture-funded startup developing social games.
320,NY,37.402802,-122.117418,10004,c:1704,New York,New York NY 10004,TravelMuse,1,4/16/2007,Still Operating,05-01-07,06-01-09,0.0411,2.1288,1.7562,4.874,9,3,5600000,4,NY,0,1,0,0,0,web,0,1,0,0,0,0,0,0,0,0,c:1704,0,0,1,1,0,0,2,1,acquired,travelmuse,TravelMuse is a travel planning website that allows users to research and plan their travels on a single interface.
321,CA,37.782101,-122.389519,94105,c:5986,San Francisco,San Francisco CA 94105,Jambool,1,08-01-06,Still Operating,08-01-08,8/17/2009,2.0027,3.0466,3.5836,5.4767,9,2,6000000,2,CA,1,0,0,0,0,finance,0,0,0,0,0,0,0,0,0,1,c:5986,0,0,1,1,0,0,2.5,1,acquired,jambool,"Jambool operates SocialGold, an industry virtual monetization platform that enables developers to create and manage virtual currency."
322,GA,33.7862629,-84.3877936,30309,c:23756,NW Atlanta,NW Atlanta GA 30309,Zipcar,1,10/31/2000,Still Operating,12/20/2002,12/15/2010,2.137,10.1288,10.4164,12.1863,35,4,60704370,3,GA,0,0,0,0,1,transportation,0,0,0,0,0,0,0,0,0,1,c:23756,1,0,0,1,0,1,2,1,acquired,zipcar,Zipcar is an online car-sharing company allowing individuals to make car reservations that are billable by the hour or day.
323,CA,37.7822788,-122.392978,94107,c:43172,San Francisco,San Francisco CA 94107,Hitpost,1,04-01-09,Still Operating,01-01-10,4/26/2012,0.7534,3.0712,3.9178,4.5041,16,3,2000000,2,CA,1,0,0,0,0,sports,0,0,0,0,0,0,0,0,0,1,c:43172,0,1,0,0,0,0,3.6667,1,acquired,hitpost,Hitpost is an application developer for sports fans that allows fans to connect and compete online.
324,CA,37.778551,-122.391686,94107,c:20637,San Francisco,San Francisco CA 94107,Home-Account,1,11-01-08,Still Operating,4/16/2009,7/16/2009,0.4548,0.7041,0.5808,1.737,5,2,1000000,3,CA,1,0,0,0,0,finance,0,0,0,0,0,0,0,0,0,1,c:20637,1,0,1,0,0,0,5.5,1,acquired,home-account,Home-Account is a mortgage-finding service enabling borrowers to save money and make smart mortgage choices.
325,PA,40.012771,-75.239234,19004,c:20033,Bala Cynwyd,Bala Cynwyd PA 19004,PayParade Pictures,0,10/17/2007,1/27/2012,12-01-08,3/13/2009,1.126,1.4055,0.7918,1.3973,3,2,200000,2,PA,0,0,0,0,1,games_video,0,0,0,0,0,1,0,0,0,0,c:20033,0,1,1,0,0,0,2,1,closed,payparade pictures,PayParade Pictures employs social networks to make direct response marketing more effective for brands and retailers.
326,CA,37.628328,-122.420814,94066,c:13504,San Bruno,San Bruno CA 94066,Planet Metrics,0,01-01-07,02-07-11,11-12-08,11-12-08,1.8658,1.8658,0,1.863,2,1,2300000,2,CA,1,0,0,0,0,cleantech,0,0,0,0,0,0,0,0,0,1,c:13504,0,0,1,0,0,0,2,1,closed,planet metrics,"Planet Metrics provides carbon information management software that supports modeling, analytics and complex data visualization."
327,CA,37.7885714,-122.4035985,94108,c:3185,San Francisco,San Francisco CA 94108,kwiry,0,01-01-06,4/23/2009,3/20/2008,3/20/2008,2.2164,2.2164,0.7479,3.4164,5,1,1000000,4,CA,1,0,0,0,0,mobile,0,0,1,0,0,0,0,0,0,0,c:3185,0,0,1,0,0,0,1,1,closed,kwiry,kwiry is an online reminder service that turns text messages into reminders which users can retrieve online.
328,CA,37.779624,-122.391236,94107,c:725,San Francisco,San Francisco CA 94107,imeem,1,11-01-03,Still Operating,09-01-04,08-01-09,0.8356,5.7534,4.9781,7.0301,13,5,24750000,3,CA,1,0,0,0,0,music,0,0,0,0,0,0,0,0,0,1,c:725,1,1,1,1,0,0,2.4,1,acquired,imeem,imeem is an online music service that provides fans with access to songs they want.
329,IL,42.055849,-87.694664,60201,c:13921,Evanston,Evanston IL 60201,Amadesa,0,5/15/2005,07-01-13,12-03-07,10-05-11,2.5534,6.3945,6.6356,6.6356,15,2,12800000,1,IL,0,0,0,0,1,software,1,0,0,0,0,0,0,0,0,0,c:13921,0,0,1,1,0,0,2,1,closed,amadesa,Amadesa delivers a SaaS-based solution focuses on providing a dynamic website of personalized and automated content delivery.
330,CA,37.4305755,-122.0971389,94043,c:24549,Mountain View,Mountain View CA 94043,Cast Iron Systems,1,01-01-01,Still Operating,3/28/2005,7/29/2007,4.2384,6.5753,7.0027,7.0027,10,2,30500000,1,CA,1,0,0,0,0,enterprise,0,0,0,1,0,0,0,0,0,0,c:24549,0,0,0,0,0,1,4.5,1,acquired,cast iron systems,Cast Iron Systems is a cloud and SaaS-based software platform providing integration appliances for large and mid-sized companies.
331,CA,33.133524,-117.254593,92010,c:5952,Carlsbad,Carlsbad CA 92010,Aptera,0,01-01-03,12-01-11,7/25/2008,7/13/2011,5.5671,8.5342,5.6055,7.8384,3,3,36300000,2,CA,1,0,0,0,0,automotive,0,0,0,0,0,0,0,0,0,1,c:5952,1,0,0,0,1,0,1.5,1,closed,aptera,"Aptera Motors is engaged in designing, engineering, and assembling the most efficient transportation in the world."
332,CA,37.779281,-122.419236,94111,c:43183,San Francisco,San Francisco CA 94111,RentJuice,1,01-01-08,Still Operating,03-04-10,1/31/2011,2.1726,3.0849,3.0877,4.7753,7,3,6693782,3,CA,1,0,0,0,0,real_estate,0,0,0,0,0,0,0,0,0,1,c:43183,1,0,0,0,0,0,1.6667,1,acquired,rentjuice,RentJuice is an online real estate marketplace providing rental deals and related services to clients.
334,CA,37.316653,-122.05074,95014,c:5485,Cupertino,Cupertino CA 95014,Parascale,1,01-01-05,Still Operating,6/23/2008,6/23/2008,3.4767,3.4767,3.6849,5.6274,8,1,11370000,3,CA,1,0,0,0,0,network_hosting,0,0,0,0,0,0,0,0,0,1,c:5485,0,0,1,0,0,0,2,1,acquired,parascale,ParaScale is a cloud storage software platform that clusters servers to act as one file repository.
335,CA,34.090368,-118.393064,90069,c:9,West Hollywood,West Hollywood CA 90069,Geni,1,06-01-06,Still Operating,01-01-07,1/19/2009,0.5863,2.6384,3.5425,6.0712,13,3,16500000,4,CA,1,0,0,0,0,web,0,1,0,0,0,0,0,0,0,0,c:9,0,0,1,1,1,0,1.3333,1,acquired,geni,Geni is an online community of genealogists collaborating to help individuals build their own family trees.
336,CA,37.794891,-122.397901,94111,c:15129,San Franciso,San Franciso CA 94111,Zentact,0,09-01-08,01-01-12,09-01-08,09-01-08,0,0,3.411,3.411,3,1,250000,1,CA,1,0,0,0,0,network_hosting,0,0,0,0,0,0,0,0,0,1,c:15129,0,1,0,0,0,0,3,0,closed,zentact,Zentact offers a service that helps users stay better connected with their contacts. It is a browser plug-in that reads the same pages you do as you surf the Web and alerts you when there is a contextual match to one of the tagged interests of someone in your email contact list. It reminds you to reach out to those contacts when you run across something they might be interested in.
337,NY,40.7043822,-73.9865717,10010,c:339,New York,New York NY 10010,Outside.in,1,08-01-06,Still Operating,02-01-07,12-08-09,0.5041,3.3562,3.4219,7.2274,9,5,14400000,5,NY,0,1,0,0,0,web,0,1,0,0,0,0,0,0,0,0,c:339,0,1,1,1,0,0,5.8,1,acquired,outside.in,Outside.in is an aggregator aimed at creating a place for neighborhoods to share and explore information.
338,NY,40.756054,-73.986951,10001,c:967,New York,New York NY 10001,Salesforce Buddy Media,1,09-01-07,Still Operating,09-01-07,8/15/2011,0,3.9562,4.7616,5.1507,24,5,90000000,3,NY,0,1,0,0,0,enterprise,0,0,0,1,0,0,0,0,0,0,c:967,1,0,1,1,1,1,3.8,1,acquired,salesforce buddy media,"Buddy Media is a social media marketing platform, helps companies build connections and maintain relationships with customers."
339,CA,37.797435,-122.403175,94017,c:2925,San Francisco,San Francisco CA 94017,Vizu Corporation,1,2/14/2005,Still Operating,2/20/2006,04-09-12,1.0164,7.1534,5.6959,8.1781,10,4,13075000,2,CA,1,0,0,0,0,advertising,0,0,0,0,1,0,0,0,0,0,c:2925,0,0,1,1,0,0,4,1,acquired,vizu corporation,Vizu Corporation is an enterprise technology platform allowing advertisers to target audiences through the purchase funnel.
340,CA,37.388077,-122.08316,94041,c:86,Mountain View,Mountain View CA 94041,Zing Systems,1,06-01-07,Still Operating,12-01-06,01-01-07,-0.4986,-0.4137,-0.4986,5.7699,10,2,26000000,4,CA,1,0,0,0,0,games_video,0,0,0,0,0,1,0,0,0,0,c:86,0,0,1,0,1,0,2.5,1,acquired,zing systems,"Zing Systems enables users to discover, collect, manage and share playlists."
341,MA,42.504817,-71.195611,1803,c:69834,Burlington,Burlington MA 1803,DynamicOps,1,01-01-08,Still Operating,2/28/2011,09-09-11,3.1616,3.6904,3.0027,4.5041,6,2,16300000,2,MA,0,0,1,0,0,enterprise,0,0,0,1,0,0,0,0,0,0,c:69834,0,0,0,1,0,0,2,1,acquired,dynamicops,DynamicOps™ is an operations virtualization platform helping enterprises transfer existing infrastructure into on-demand cloud services.
342,TX,30.409765,-97.75101,78759,c:44434,Austin,Austin TX 78759,Movero Technology,1,01-01-03,06-01-13,6/14/2007,3/23/2010,4.4521,7.2274,7.0055,7.0055,5,2,5992316,1,TX,0,0,0,1,0,enterprise,0,0,0,1,0,0,0,0,0,0,c:44434,1,0,1,0,0,0,2,0,acquired,movero technology,Movero provided enterprises with managed mobility strategy and services.
343,CA,32.962655,-117.189656,92130,c:40417,San Diego,San Diego CA 92130,Elevation Pharmaceuticals,1,01-01-07,Still Operating,1/21/2010,01-04-12,3.0575,5.011,3.055353048,4.754422568,2,4,89400001,0,CA,1,0,0,0,0,biotech,0,0,0,0,0,0,0,1,0,0,c:40417,1,0,1,1,0,0,4.3333,1,acquired,elevation pharmaceuticals,Elevation Pharmaceuticals is developing a pipeline of improved aerosol drug products for the COPD patients.
344,CA,37.4233698,-122.0986859,94303,c:18897,Palo Alto,Palo Alto CA 94303,Punch Entertainment,0,05-10-05,4/16/2012,2/27/2006,2/27/2006,0.8027,0.8027,5.3151,5.3151,4,1,1200000,1,CA,1,0,0,0,0,software,1,0,0,0,0,0,0,0,0,0,c:18897,0,0,1,0,0,0,1,0,acquired,punch entertainment,"Punch is a cross-platform developing community games for the web, social networking sites and mobile devices."
345,NY,40.729839,-73.991781,10003,c:43416,New York,New York NY 10003,Stickybits,0,01-01-09,08-01-12,03-09-10,5/19/2010,1.1836,1.3781,1.3288,3.1096,7,2,1900000,2,NY,0,1,0,0,0,web,0,1,0,0,0,0,0,0,0,0,c:43416,0,1,1,0,0,0,2.5,1,closed,stickybits,Stickybits focused on connecting the digital and physical worlds through a social object network.
346,CA,37.779281,-122.419236,94108,c:23692,San Francisco,San Francisco CA 94108,Ecast,0,01-01-99,02-12-12,05-07-08,5/26/2011,9.3534,12.4055,7.0055,11.3836,9,3,30300000,2,CA,1,0,0,0,0,games_video,0,0,0,0,0,1,0,0,0,0,c:23692,1,0,0,0,0,1,4.5,1,closed,ecast,"A Software Solutions company.
"
347,NY,40.730646,-73.986614,10013,c:28162,New York,New York NY 10013,lifeIO,0,8/29/2006,03-03-12,8/29/2008,8/29/2008,2.0027,2.0027,3.055353048,4.754422568,4,1,500000,0,NY,0,1,0,0,0,web,0,1,0,0,0,0,0,0,0,0,c:28162,0,1,0,0,0,0,5,0,closed,lifeio,"lifeIO offers a personal content aggregation platform that collects information from social networks, email, calendar, and more."
348,CA,34.049767,-118.459387,90405,c:1587,Santa Monica,Santa Monica CA 90405,EdgeCast Networks,1,08-01-06,Still Operating,08-01-06,7/18/2013,0,6.9671,6.4247,7.3562,19,5,74000000,2,CA,1,0,0,0,0,network_hosting,0,0,0,0,0,0,0,0,0,1,c:1587,0,1,1,1,1,1,1.75,1,acquired,edgecast networks,EdgeCast is a content delivery network (CDN) that helps companies accelerate and deliver static content to their users around the world.
349,TX,32.945354,-96.708874,75081,c:26988,Richardson,Richardson TX 75081,Sirific Wireless,1,01-01-00,Still Operating,02-12-07,02-12-07,7.1205,7.1205,3.055353048,4.754422568,3,1,18800000,0,TX,0,0,0,1,0,semiconductor,0,0,0,0,0,0,0,0,0,1,c:26988,0,0,0,0,1,0,7,1,acquired,sirific wireless,"Sirific Wireless is a semiconductor company, designs, and develops CMOS RF HEDGE transceivers for the wireless communications market."
350,MI,42.8138649,-86.023846,49464,c:26390,Zeeland,Zeeland MI 49464,Revetto,0,01-01-09,5/18/2009,05-01-09,05-01-09,0.3288,0.3288,-0.4192,-0.4192,3,1,20000,1,MI,0,0,0,0,1,web,0,1,0,0,0,0,0,0,0,0,c:26390,0,1,0,0,0,0,1,0,closed,revetto,Revetto is a web-based service that enables users to unify their online communication tools.
351,VA,38.969532,-77.385948,20170,c:32094,Herndon,Herndon VA 20170,ZoomSafer,1,01-01-09,Still Operating,03-01-09,03-07-11,0.1616,2.1781,1.5096,2.1781,3,4,3350000,2,VA,0,0,0,0,1,mobile,0,0,1,0,0,0,0,0,0,0,c:32094,0,1,1,1,0,0,1.5,0,acquired,zoomsafer,ZoomSafer provides enterprise software that helps control mobile device usage while driving.
352,NJ,40.944543,-74.075419,7652,c:39364,Paramus,Paramus NJ 7652,AkaRx,1,01-01-05,Still Operating,01-07-10,01-07-10,5.0192,5.0192,3.055353048,4.754422568,1,1,26100000,0,NJ,0,0,0,0,1,biotech,0,0,0,0,0,0,0,1,0,0,c:39364,1,0,0,0,0,0,2,1,acquired,akarx,AkaRx develops therapeutics including the orally-available small molecule for use in the treatment of thrombocytopenia.
353,PA,40.441694,-79.990086,15213,c:51623,Pittsburgh,Pittsburgh PA 15213,Lama Lab,0,01-01-09,06-01-13,5/31/2010,07-08-11,1.411,2.5151,3.055353048,4.754422568,0,2,1213066,0,PA,0,0,0,0,1,enterprise,0,0,0,1,0,0,0,0,0,0,c:51623,1,0,0,0,0,0,1,1,closed,lama lab,"Lama Lab offered a cloud-based platform for online retailers and provided recommendations on pricing, inventory management and marketing"
354,CA,37.425359,-122.1389633,94306,c:8676,Palo Alto,Palo Alto CA 94306,Buysight,1,01-01-08,Still Operating,11-04-08,3/21/2012,0.8438,4.2219,0.7616,4.9288,18,3,24030000,3,CA,1,0,0,0,0,advertising,0,0,0,0,1,0,0,0,0,0,c:8676,0,0,1,1,0,0,3.6667,1,acquired,buysight,"Buysight offers ShopperConnect™, an online display advertising network that provides solutions for brand and performance advertisers."
355,CA,37.764169,-122.402021,94110,c:767,San Francisco,San Francisco CA 94110,TripIt,1,10-01-06,Still Operating,04-01-07,03-04-10,0.4986,3.4247,1.9863,5.9616,14,3,13100000,5,CA,1,0,0,0,0,travel,0,0,0,0,0,0,0,0,0,1,c:767,0,1,0,1,1,0,1.6667,1,acquired,tripit,TripIt is a trip planner that enables its users to create a master travel itinerary and provide them with online and mobile access.
356,NY,40.757929,-73.985506,10010,c:6011,New York,New York NY 10010,Pinch Media,1,04-01-08,Still Operating,05-01-08,01-06-10,0.0822,1.7671,0.3014,5.0082,6,3,560001,5,NY,0,1,0,0,0,software,1,0,0,0,0,0,0,0,0,0,c:6011,1,1,0,0,0,0,3.5,1,acquired,pinch media,Pinch Media offers tools that enable mobile app developers to grow their businesses.
357,MN,44.9773,-93.265469,55311,c:31794,Minneapolis,Minneapolis MN 55311,Enstratius,1,01-01-09,Still Operating,11-07-11,11-07-11,2.8493,2.8493,2.9068,4.1918,7,1,3500000,3,MN,0,0,0,0,1,enterprise,0,0,0,1,0,0,0,0,0,0,c:31794,0,0,1,0,0,0,2,1,acquired,enstratius,"Enstratius provides cloud infrastructure management for public, private, and hybrid cloud operations aligned with enterprise governance and security needs. Enstratius provides users with a single access-controlled view across all corporate cloud resources. Users with the appropriate access rights may directly provision virtualmachines across multiple clouds or they can deploy fully-automated applications from a cloud-independent service catalog."
358,MA,42.368633,-71.075305,2210,c:10054,Boston,Boston MA 2210,Jumptap,1,01-01-05,Still Operating,03-01-05,07-02-12,0.1616,7.5041,7.0521,8.6192,45,7,121500000,3,MA,0,0,1,0,0,mobile,0,0,1,0,0,0,0,0,0,0,c:10054,1,0,1,1,1,1,4.5,1,acquired,jumptap,Jumptap is a mobile ad network and unified audience platform engaged in mobile advertising.
359,CA,37.409096,-121.943191,95134,c:14036,San Jose,San Jose CA 95134,WiChorus,1,01-01-05,Still Operating,12/22/2005,11-04-08,0.9726,3.8438,2,2,18,4,42500000,1,CA,1,0,0,0,0,mobile,0,0,1,0,0,0,0,0,0,0,c:14036,1,0,1,1,1,0,2.5,1,acquired,wichorus,WiChorus provides smart 4G core infrastructure products to enable operators to deploy WiMAX and LTE networks.
360,NC,35.996653,-78.901805,27713,c:38123,Durham,Durham NC 27713,Hatteras Networks,1,01-01-00,Still Operating,06-08-05,06-01-06,5.4384,6.4192,6.0055,6.0055,26,2,36000000,1,NC,0,0,0,0,1,software,1,0,0,0,0,0,0,0,0,0,c:38123,1,0,0,0,0,1,3.5,1,acquired,hatteras networks,Hatteras Networks offers equipment that help carriers and service providers deliver high bandwidth business services to relevant locations.
361,CA,37.793949,-122.398062,94111,c:16709,San Francisco,San Francisco CA 94111,Focus,0,08-01-05,9/15/2012,03-06-08,03-06-08,2.5973,2.5973,2.9178,5.4822,7,1,12170000,2,CA,1,0,0,0,0,enterprise,0,0,0,1,0,0,0,0,0,0,c:16709,0,0,0,0,1,0,3,1,closed,focus,Focus is a business research and media company providing analyst support and advisory services to business and technology professionals.
362,NY,40.730646,-73.986614,10005,c:46901,New York,New York NY 10005,easy2comply (Dynasec),1,01-01-02,Still Operating,10-02-07,10-02-07,5.7534,5.7534,8.0055,9.8356,4,1,1000000,2,NY,0,1,0,0,0,software,1,0,0,0,0,0,0,0,0,0,c:46901,0,0,1,0,0,0,3,1,acquired,easy2comply (dynasec),"easy2comply offers software for the effective management of multiple governance, risk management, and compliance processes."
363,CA,38.88521,-76.998641,94107,c:18056,San Francisco,San Francisco CA 94107,Socialize,1,07-01-08,Still Operating,11-01-11,06-07-12,3.337,3.937,-2.4986,4.7205,5,3,1820000,4,CA,1,0,0,0,0,mobile,0,0,1,0,0,0,0,0,0,0,c:18056,0,1,0,0,0,0,1,0,acquired,socialize,"Socialize is a drop-in social platform that creates a community around apps, leveraging networking features through a single interface."
364,WA,30.6324797,-86.9843446,98033,c:13219,Kirkland,Kirkland WA 98033,Clearwire,1,10-01-03,Still Operating,05-06-08,2/27/2013,4.6,9.4164,5.2575,9.7753,19,4,5700000000,2,WA,0,0,0,0,1,mobile,0,0,1,0,0,0,0,0,0,0,c:13219,0,0,0,0,0,0,4.25,1,acquired,clearwire,Clearwire provides a wireless high-speed internet service that allows customers to connect to the internet using licensed spectrum.
365,TX,32.960431,-96.83026,75001,c:44576,Addison,Addison TX 75001,CREDANT Technologies,1,01-01-01,Still Operating,12/20/2007,12/20/2007,6.9699,6.9699,0.0849,11.9699,6,1,5000000,2,TX,0,0,0,1,0,security,0,0,0,0,0,0,0,0,0,1,c:44576,0,0,0,0,1,0,5,1,acquired,credant technologies,"Credant provides data protection solutions for companies to control, manage and protect data on mobile devices, media devices and the cloud."
366,NY,40.750519,-73.993494,10001,c:55043,New York,New York NY 10001,Exclusively.in,1,01-01-10,Still Operating,11-03-10,5/29/2011,0.8384,1.4055,1.6356,1.6356,4,2,18800000,1,NY,0,1,0,0,0,fashion,0,0,0,0,0,0,0,0,0,1,c:55043,0,0,1,1,0,0,2.5,1,acquired,exclusively.in,"Exclusively.In is a members-only shopping site for Indian-inspired fashion, jewelry and home decor."
367,CA,37.406914,-122.09037,94043,c:31832,Mountain View,Mountain View CA 94043,Avidia,1,01-01-03,Still Operating,05-06-05,05-09-06,2.3452,3.3534,3.055353048,4.754422568,3,2,72300000,0,CA,1,0,0,0,0,advertising,0,0,0,0,1,0,0,0,0,0,c:31832,0,0,0,1,1,0,4.5,1,acquired,avidia,Avidia is a biopharmaceutical company engaged in discovering and developing therapeutic proteins.
368,CA,33.685697,-117.825982,92612,c:51021,Irvine,Irvine CA 92612,PayDivvy,1,03-06-09,Still Operating,1/15/2009,4/27/2012,-0.137,3.1452,-2.0932,4.4082,3,3,1310000,4,CA,1,0,0,0,0,social,0,0,0,0,0,0,0,0,0,1,c:51021,0,1,0,0,0,0,1,0,acquired,paydivvy,PayDivvy is an online social bill payments platform that allows users to split personal and group bills among them via a web and mobile app.
369,MA,42.479262,-71.152277,1801,c:42672,Woburn,Woburn MA 1801,Octavian,0,01-01-03,02-01-11,06-01-05,10-10-07,2.4164,4.7753,4.0027,4.0027,2,2,15000000,1,MA,0,0,1,0,0,software,1,0,0,0,0,0,0,0,0,0,c:42672,0,0,1,1,0,0,2.5,1,closed,octavian,"Octavian provides SaaS-based, middle-office software solutions for the wealth and investment management industry in the U.S."
370,NY,40.7516611,-73.9843328,10011,c:130,New York,New York NY 10011,KickApps,1,03-01-04,Still Operating,06-01-06,11/25/2008,2.2521,4.7397,5.337,7.274,22,3,39007789,5,NY,0,1,0,0,0,enterprise,0,0,0,1,0,0,0,0,0,0,c:130,0,0,1,1,1,0,3,1,acquired,kickapps,"KickApps is a social publishing platform for creating social networks with added features, video players and widgets."
371,MA,42.504817,-71.195611,1803,c:47601,Burlington,Burlington MA 1803,Airwide Solutions,1,01-01-04,Still Operating,1/25/2006,1/25/2006,2.0685,2.0685,-1.9151,-1.9151,3,1,25000000,1,MA,0,0,1,0,0,software,1,0,0,0,0,0,0,0,0,0,c:47601,0,0,0,0,0,1,5,1,acquired,airwide solutions,"Airwide Solutions offers mobile messaging and wireless internet infrastructure, applications and solutions to mobile operators."
372,MA,42.360253,-71.058291,2210,c:60087,Boston,Boston MA 2210,Localocracy,1,01-01-09,Still Operating,05-01-09,02-04-11,0.3288,2.0932,1.3288,2.7534,4,3,172500,2,MA,0,0,1,0,0,web,0,1,0,0,0,0,0,0,0,0,c:60087,0,1,0,0,0,0,1,0,acquired,localocracy,"Localocracy provides an online town common where registered voters, using real names, can weigh in on local issues."
373,NY,40.730646,-73.986614,10013,c:24853,New York City,New York City NY 10013,Pixable,1,03-12-09,Still Operating,11-10-10,4/22/2011,1.6658,2.1123,2.3041,3.5507,23,2,6100000,2,NY,0,1,0,0,0,social,0,0,0,0,0,0,0,0,0,1,c:24853,0,0,1,1,0,0,1,1,acquired,pixable,"Pixable is what you need to see today, bringing you visual stories told through photos and videos that you'll want to pass along to friends."
374,CA,37.862592,-122.493561,94939,c:14608,Larkspur,Larkspur CA 94939,mFoundry,1,01-01-04,Still Operating,3/21/2006,12-05-11,2.2192,7.9315,1.6685,9.0904,7,3,40300000,5,CA,1,0,0,0,0,mobile,0,0,1,0,0,0,0,0,0,0,c:14608,1,0,0,1,1,0,4,1,acquired,mfoundry,mFoundry provides SaaS-based mobile banking solutions for financial institutions and retailers in the U.S.
375,CA,34.098242,-118.35697,90046,c:65389,Los Angeles,Los Angeles CA 90046,Bevvy,0,01-08-11,01-01-12,5/20/2011,5/20/2011,0.3616,0.3616,0.3753,0.5425,9,1,100000,3,CA,1,0,0,0,0,ecommerce,0,0,0,0,0,0,1,0,0,0,c:65389,0,1,0,0,0,0,1,0,closed,bevvy,"Bevvy was a nightlife reservation site that offers ongoing, preferred pricing at the best bars and clubs."
376,WA,47.6399006,-122.1914274,98104,c:1767,Seattle,Seattle WA 98104,Livemocha,1,09-01-07,Still Operating,01-01-08,2/25/2013,0.3342,5.4904,2.7507,5.589,14,5,19389998,2,WA,0,0,0,0,1,education,0,0,0,0,0,0,0,0,0,1,c:1767,1,0,1,1,1,0,1.5,1,acquired,livemocha,Livemocha is a language learning community combining online instructional content with a global community of language learners.
377,CA,37.626166,-122.411025,94066,c:6012,San Bruno,San Bruno CA 94066,IronPort Systems,1,01-01-00,Still Operating,6/25/2002,10/25/2004,2.4822,4.8192,5.5863,11.9452,21,2,61500000,3,CA,1,0,0,0,0,hardware,0,0,0,0,0,0,0,0,0,1,c:6012,0,0,0,1,0,1,4,1,acquired,ironport systems,"IronPort Systems develops email and web security tools that prevent organizations from spam, viruses, malware and other internet threats."
378,CA,37.779281,-122.419236,94108,c:44976,San Francisco,San Francisco CA 94108,Crowdcast,1,01-01-07,Still Operating,06-10-10,06-10-10,3.4411,3.4411,4.0027,5.7178,6,1,6000000,2,CA,1,0,0,0,0,software,1,0,0,0,0,0,0,0,0,0,c:44976,0,0,1,0,0,0,2,1,acquired,crowdcast,Crowdcast provides crowd forecasting solutions for organizations to find transformative ideas that drive growth.
379,MA,42.360253,-71.058291,2114,c:2275,Boston,Boston MA 2114,Where,1,01-01-04,Still Operating,12/31/2003,01-01-09,-0.0027,5.0055,4.9507,7.3726,23,4,19100000,6,MA,0,0,1,0,0,mobile,0,0,1,0,0,0,0,0,0,0,c:2275,0,0,1,1,1,0,2.5,1,acquired,where,"Where, a PayPal service, is focused on leveraging location technology and data in mobile to enhance relevancy in advertising."
380,NY,40.756054,-73.986951,10003,c:16611,New York,New York NY 10003,Pictela,1,10/17/2008,Still Operating,01-06-09,11-06-10,0.2219,2.0548,0.0411,3.9178,8,4,3499997,3,NY,0,1,0,0,0,advertising,0,0,0,0,1,0,0,0,0,0,c:16611,1,0,1,0,0,0,1.5,1,acquired,pictela,Pictela is a platform for distributing high definition brand content. The platform is designed for use by the world's largest marketers and allows content to move seamlessly between advertising and social media. Provides a rich media technology across the world's largest publishers.
381,CA,37.502742,-122.211281,94063,c:975,Redwood City,Redwood City CA 94063,Grouply,1,03-01-06,01-01-12,06-01-07,1/14/2008,1.2521,1.874,4.7178,5.0959,13,3,2600000,2,CA,1,0,0,0,0,network_hosting,0,0,0,0,0,0,0,0,0,1,c:975,0,1,1,0,0,0,3.6667,1,acquired,grouply,"Grouply pioneers the “social group,” an online community that combines the best features of social networks and online groups."
382,CA,37.779281,-122.419236,94103,c:51332,San Francisco,San Francisco CA 94103,Storify,1,12-11-09,Still Operating,07-01-09,02-03-11,-0.4466,1.1479,3.0603,3.7479,14,3,2023000,2,CA,1,0,0,0,0,web,0,1,0,0,0,0,0,0,0,0,c:51332,0,1,1,0,0,0,1.3333,1,acquired,storify,Storify is a social network service allowing users to create stories and timelines using social media platforms.
383,CA,33.685697,-117.825982,92618,c:25713,Irvine,Irvine CA 92618,Axiom Microdevices,1,01-01-02,Still Operating,02-08-07,02-08-07,5.1068,5.1068,3.055353048,4.754422568,3,1,25000000,0,CA,1,0,0,0,0,semiconductor,0,0,0,0,0,0,0,0,0,1,c:25713,1,0,0,0,0,0,4,1,acquired,axiom microdevices,Axiom Microdevices provides integrated complementary metal oxide semiconductor power amplifiers for the cellular telephone market.
384,CA,34.019657,-118.487549,90404,c:36151,Santa Monica,Santa Monica CA 90404,ShoeDazzle,1,03-01-09,Still Operating,11/19/2009,10-03-12,0.7205,3.5945,2.8384,4.0192,17,4,66000000,4,CA,1,0,0,0,0,fashion,0,0,0,0,0,0,0,0,0,1,c:36151,1,0,1,1,1,0,2.3333,1,acquired,shoedazzle,ShoeDazzle is an online e-commerce site offering personalized and stylish ladies footwear handpicked by fashion experts.
385,NY,40.74929,-73.981328,10016,c:148576,New York,New York NY 10016,LiftDNA,1,09-01-09,Still Operating,02-01-11,02-11-11,1.4192,1.4466,1.663,1.663,5,2,1000000,1,NY,0,1,0,0,0,advertising,0,0,0,0,1,0,0,0,0,0,c:148576,0,1,0,0,0,0,3.5,0,acquired,liftdna,"LiftDNA is the only yield optimization platform that is a first party to the publisher's ad server, and is the industry's most advanced yield optimization platform for publishers. We believe that maximizing demand competition for every impression is the key to maximizing revenue yield for publishers. We also believe that thepublisher's ad server is where the data and value should remain. With direct ad server integration, LiftDNA derives unparalleled insight for data-driven optimization, audience segmentation and performance-driven campaign management."
386,CA,37.424298,-122.139809,94306,c:73586,Palo Alto,Palo Alto CA 94306,Onavo,1,01-01-10,Still Operating,05-01-11,1/24/2012,1.3288,2.063,3.2493,3.7836,11,2,13000000,2,CA,1,0,0,0,0,mobile,0,0,1,0,0,0,0,0,0,0,c:73586,0,0,1,1,0,0,3,1,acquired,onavo,"Onavo develops mobile applications that assist its users in managing their finance, entertainment, social networking, and privacy."
387,MA,42.37564,-71.2358,2451,c:46070,Waltham,Waltham MA 2451,Pyxis Mobile,0,01-01-98,08-01-12,09-09-05,01-10-12,7.6932,14.0329,12.5041,14.0329,3,3,24150000,2,MA,0,0,1,0,0,software,1,0,0,0,0,0,0,0,0,0,c:46070,1,0,1,1,0,0,2.3333,1,closed,pyxis mobile,"Verivo is an enterprise mobility platform allowing companies to centrally build, deploy, manage and update their apps securely."
388,CA,37.354469,-121.990433,95051,c:84867,Santa Clara,Santa Clara CA 95051,Link_A_Media Devices,0,01-01-04,01-01-13,11-02-09,3/20/2012,5.8411,8.2219,3.055353048,4.754422568,4,3,47218498,0,CA,1,0,0,0,0,semiconductor,0,0,0,0,0,0,0,0,0,1,c:84867,1,0,0,0,1,1,3.3333,1,closed,link_a_media devices,LinkAMedia Devices develops and manufactures custom System-on-Chip solutions for hard disk drives and solid-state-drives.
389,MA,42.37564,-71.2358,2451,c:12171,Waltham,Waltham MA 2451,Guardium,1,01-01-02,Still Operating,08-12-05,5/17/2006,3.6137,4.3753,0,7.9178,1,2,11800000,2,MA,0,0,1,0,0,search,0,0,0,0,0,0,0,0,0,1,c:12171,0,0,0,0,1,1,4.5,1,acquired,guardium,"Guardium, a database security company, delivers solutions to prevent information leaks and ensures the integrity of enterprise data."
390,NV,35.96544,-115.106579,89052,c:45413,Henderson,Henderson NV 89052,Trooval,0,09-01-08,02-01-11,04-07-10,11-05-10,1.5973,2.1781,0.0822,0.0822,2,2,2387481,1,NV,0,0,0,0,1,analytics,0,0,0,0,0,0,0,0,0,1,c:45413,1,0,0,0,0,0,1,1,closed,trooval,Trooval offered business intelligence and predictive analytics technology to enhance sales and marketing operations of timeshare developers.
391,MA,42.346743,-71.076632,2116,c:1285,Boston,Boston MA 2116,Compete,1,01-01-00,Still Operating,11-01-00,08-01-07,0.8356,7.5863,11.589,13.5863,35,4,33000000,5,MA,0,0,1,0,0,consulting,0,0,0,0,0,0,0,0,1,0,c:1285,1,0,1,1,1,0,2.5,1,acquired,compete,Compete provides digital intelligence services that help brands improve their marketing based on the online behavior of consumers.
392,VA,38.872668,-77.367981,22102,c:13730,McLean,McLean VA 22102,Rollstream,1,01-01-05,Still Operating,09-03-07,11/18/2008,2.6712,3.8822,4.0027,7.3205,4,2,7500000,3,VA,0,0,0,0,1,software,1,0,0,0,0,0,0,0,0,0,c:13730,0,0,1,1,0,0,1.5,1,acquired,rollstream,Rollstream offers an online solution for accelerating communications and collaboration across the global supply chain.
393,CA,37.404788,-121.940842,95134,c:31936,San Jose,San Jose CA 95134,NeoGuide Systems,1,01-01-00,Still Operating,9/29/2006,9/29/2006,6.7479,6.7479,4.0027,4.0027,3,1,25000000,1,CA,1,0,0,0,0,biotech,0,0,0,0,0,0,0,1,0,0,c:31936,0,0,0,0,1,0,1,1,acquired,neoguide systems,NeoGuide Systems Inc. develops robotic endoscopic technology for natural orifice transluminal endoscopic surgery. Its technology is used in colonoscopy application to provide access to abdominal and thoracic cavities.
394,CA,37.386778,-121.966277,95054,c:32011,Santa Clara,Santa Clara CA 95054,Accept Software,1,01-01-02,Still Operating,9/16/2005,12/14/2010,3.7096,8.9562,4.0027,4.0027,7,4,25305000,1,CA,1,0,0,0,0,software,1,0,0,0,0,0,0,0,0,0,c:32011,1,0,1,1,1,0,2,1,acquired,accept software,"Accept Software is a SaaS-based enterprise product development solutions platform for companies to manage ideas, strategies and more."
395,CA,37.444531,-122.163352,94301,c:22203,Palo Alto,Palo Alto CA 94301,Milo,1,01-01-08,Still Operating,11-01-08,11/24/2009,0.8356,1.8986,2.3014,3.8356,21,2,4950000,3,CA,1,0,0,0,0,web,0,1,0,0,0,0,0,0,0,0,c:22203,0,1,1,0,0,0,12.5,1,acquired,milo,"Milo, a product search space, enables shoppers to research products online and buy locally while tracking real-time availability and price."
396,CA,37.379684,-121.97514,95054,c:10512,Santa Clara,Santa Clara CA 95054,Mimosa Systems,1,8/29/2003,Still Operating,12-05-05,01-12-10,2.2712,6.3781,3.055353048,4.754422568,8,6,53816776,0,CA,1,0,0,0,0,software,1,0,0,0,0,0,0,0,0,0,c:10512,1,0,0,1,1,1,5,1,acquired,mimosa systems,"Mimosa helps users manage unstructured data such as email, instant messages, and other data types through its Mimosa NearPoint software."
397,NY,37.809782,-122.417306,10003,c:105,New York,New York NY 10003,Surphace,1,06-01-05,Still Operating,04-01-05,05-01-06,-0.1671,0.9151,2.674,8.3836,15,2,3500000,4,NY,0,1,0,0,0,web,0,1,0,0,0,0,0,0,0,0,c:105,0,0,1,1,0,0,5.5,1,acquired,surphace,Surphace provides contextual content tools enabling online publishers to create an engaging reader experience.
398,CA,37.388869,-122.072353,94041,c:60436,Mountain View,Mountain View CA 94041,Cloudmeter,1,04-01-07,Still Operating,4/27/2012,4/27/2012,5.0767,5.0767,4.7562,6.0466,7,1,5000000,2,CA,1,0,0,0,0,enterprise,0,0,0,1,0,0,0,0,0,0,c:60436,0,0,1,0,0,0,1,0,acquired,cloudmeter,"Cloudmeter transforms real-time network data into actionable information, helping organizations optimize the end user experience."
399,CA,37.384756,-122.087712,94010,c:5779,Burlingame,Burlingame CA 94010,Zecter,1,06-01-07,Still Operating,06-01-07,12/14/2009,0,2.5397,3.7699,5.9233,9,3,2515000,3,CA,1,0,0,0,0,network_hosting,0,0,0,0,0,0,0,0,0,1,c:5779,1,1,1,0,0,0,1.6667,1,acquired,zecter,Zecter offers consumer hybrid cloud storage solutions and media solutions that allow video and music streaming over the web.
400,MA,42.6161515,-71.3258687,1851,c:3413,Lowell,Lowell MA 1851,Dimdim,1,01-01-06,Still Operating,02-01-07,07-01-08,1.0849,2.4986,2.5205,5.0192,10,2,8400000,3,MA,0,0,1,0,0,web,0,1,0,0,0,0,0,0,0,0,c:3413,0,0,1,1,0,0,2,1,acquired,dimdim,Dimdim offers a browser-based web conferencing service based on an open source platform.
401,CA,34.01695,-118.451933,90405,c:6049,Santa Monica,Santa Monica CA 90405,TeleFlip,0,01-01-04,01-01-08,08-01-06,01-01-08,2.5836,4.0027,2.0301,4.6164,5,2,4900000,3,CA,1,0,0,0,0,mobile,0,0,1,0,0,0,0,0,0,0,c:6049,0,0,1,1,0,0,1,1,closed,teleflip,Teleflip develops technologies that deliver emails to users' cell phones.
402,WA,47.614422,-122.192337,98004,c:58998,Bellevue,Bellevue WA 98004,MessageGate,0,01-01-01,7/16/2012,4/18/2005,4/18/2005,4.2959,4.2959,5.0027,5.0027,3,1,5000000,1,WA,0,0,0,0,1,software,1,0,0,0,0,0,0,0,0,0,c:58998,1,0,0,0,0,0,5,1,closed,messagegate,MessageGate offers enterprise e-mail governance software and services.
403,NY,40.825655,-73.467622,11797,c:39283,Woodbury,Woodbury NY 11797,Cloverleaf Communications,1,01-01-01,Still Operating,6/28/2005,6/28/2005,4.4904,4.4904,3.055353048,4.754422568,2,1,11000000,0,NY,0,1,0,0,0,public_relations,0,0,0,0,0,0,0,0,0,1,c:39283,0,0,0,0,1,0,3,1,acquired,cloverleaf communications,Cloverleaf Communications is a developer of intelligent storage networking management system products.
404,CA,37.381876,-121.95993,95054,c:13681,Santa Clara,Santa Clara CA 95054,SkyPilot Networks,1,01-01-00,Still Operating,01-01-01,04-01-08,1.0027,8.2548,3.055353048,4.754422568,6,4,68400000,0,CA,1,0,0,0,0,mobile,0,0,1,0,0,0,0,0,0,0,c:13681,1,0,1,0,1,1,4,1,acquired,skypilot networks,"SkyPilot Networks is a provider of carrier-class broadband wireless equipment and networking, wireless VoIP and other wireless applications."
405,CA,37.779281,-122.419236,94103,c:21762,San Francisco,San Francisco CA 94103,Zencoder,1,01-01-07,Still Operating,02-01-10,04-12-11,3.0877,4.2795,3.6356,4.6685,7,2,2000000,2,CA,1,0,0,0,0,software,1,0,0,0,0,0,0,0,0,0,c:21762,0,1,1,0,0,0,8.5,1,acquired,zencoder,"Zencoder is web-based video encoding SaaS, designed to convert any video into web and mobile-compatible formats in real-time."
406,NY,40.730646,-73.986614,10010,c:39801,New York,New York NY 10010,Storm Exchange,0,04-01-06,03-12-09,12-01-06,03-04-08,0.6685,1.926,0,0,2,2,10800000,1,NY,0,1,0,0,0,enterprise,0,0,0,1,0,0,0,0,0,0,c:39801,1,0,1,0,0,0,2,1,closed,storm exchange,Storm Exchange provides a technology platform to manage weather risk situations.
407,NY,40.729839,-73.991781,10003,c:1388,New York,New York NY 10003,The Huffington Post,1,05-09-05,Still Operating,05-01-05,08-01-10,-0.0219,5.2329,5.7616,7.4877,31,5,37000000,3,NY,0,1,0,0,0,news,0,0,0,0,0,0,0,0,0,1,c:1388,1,0,1,1,1,0,2.5,1,acquired,the huffington post,"HuffPost, an online news aggregator and blog, publishes content on politics, entertainment, world news, sports, and technology."
