,Company,Valuation ($B),Date Joined,Country,City,Industry,Select Investors
1,Stripe,$95,1/23/2014,United States,San Francisco,Fintech,"Khosla Ventures, LowercaseCapital, capitalG"
2,SpaceX,$74,12/1/2012,United States,Hawthorne,Other,"Founders Fund, Draper Fisher Jurvetson, Rothenberg Ventures"
5,Instacart,$39,12/30/2014,United States,San Francisco,"Supply chain, logistics, & delivery","Khosla Ventures, Kleiner Perkins Caufield & Byers, Collaborative Fund"
7,Epic Games,$28.7,10/26/2018,United States,Cary,Other,"Tencent Holdings, KKR, Smash Ventures"
8,Databricks,$28,2/5/2019,United States,San Francisco,Data management & analytics,"Andreessen Horowitz, New Enterprise Associates, Battery Ventures"
9,Rivian,$27.6,9/10/2019,United States,Plymouth,Auto & transportation,"Amazon, Ford Motor Company, Cox Automotive"
17,Chime,$14.5,3/5/2019,United States,San Francisco,Fintech,"Forerunner Ventures, Crosslink Capital, Homebrew"
19,Plaid Technologies,$13.4,12/11/2018,United States,San Francisco,Fintech,"New Enterprise Associates, Spar Capital, Index Ventures"
20,Fanatics,$12.8,6/6/2012,United States,Jacksonville,E-commerce & direct-to-consumer,"SoftBank Group, Andreessen Horowitz, Temasek Holdings"
22,JUUL Labs,$12,12/20/2017,United States,San Francisco,Consumer & retail,Tiger Global Management
24,Biosplice Therapeutics,$12,8/6/2018,United States,San Diego,Health,"Vickers Venture Partners, IKEA GreenTech"
25,Robinhood,$11.7,4/26/2017,United States,Menlo Park,Fintech,"Google Ventures, Andreessen Horowitz, DST Global"
30,Aurora,$10,2/7/2019,United States,Mountain View,Auto & transportation,"Index Ventures, Greylock Partners, Lightspeed Venture Partners"
32,Ripple,$10,12/20/2019,United States,San Francisco,Fintech,"IDG Capital, Venture51, Lightspeed Venture Partners"
33,Figma,$10,4/30/2020,United States,San Francisco,Internet software & services,"Index Ventures, Greylock Partners, Kleiner Perkins Caufield & Byers"
34,OutSystems,$9.5,6/5/2018,United States,Boston,Internet software & services,"KKR, ES Ventures, North Bridge Growth Equity"
35,Klaviyo,$9.2,11/17/2020,United States,Boston,Internet software & services,"Summit Partners, Accel, Astral Capital"
36,Roivant Sciences,$9.09,8/9/2017,United States,New York,Health,"SoftBankGroup, Founders Fund"
38,Tanium,$9,3/31/2015,United States,Kirkland,Cybersecurity,"Andreessen Horowitz, Nor-Cal Invest, TPG Growth"
41,GoPuff,$8.9,10/8/2020,United States,Philadelphia,E-commerce & direct-to-consumer,"Accel, Softbank Group, Anthos Capital"
42,ServiceTitan,$8.3,11/14/2018,United States,Glendale,Internet software & services,"Bessemer Venture Partners, ICONIQ Capital, Battery Ventures"
43,Tempus,$8.1,3/21/2018,United States,Chicago,Health,"New Enterprise Associates, T. Rowe Associates, Lightbank"
45,Caris Life Sciences,$7.83,5/17/2021,United States,Irving,Health,"Sixth Street Partners, OrbiMed Advisors, Highland Capital Management"
48,Brex,$7.4,10/5/2018,United States,San Francisco,Fintech,"DST Global, Ribbit Capital, Greenoaks Capital Management"
50,Scale AI,$7.3,8/5/2019,United States,San Francisco,Artificial intelligence,"Accel, Y Combinator, Index Ventures"
51,Argo AI,$7.25,7/12/2019,United States,Pittsburgh,Artificial intelligence,"Volkswagen Group, Ford Autonomous Vehicles"
52,Gong,$7.25,8/12/2020,United States,Palo Alto,Artificial intelligence,"Norwest Venture Partners, Next World Capital, Wing Venture Capital"
54,Discord,$7,4/20/2018,United States,San Francisco,Internet software & services,"Benchmark, Greylock Partners, Tencent Holdings"
55,Faire,$7,10/30/2019,United States,San Francisco,Artificial intelligence,"Khosla Ventures, Forerunner Ventures, Sequoia Capital"
56,Automation Anywhere,$6.8,7/2/2018,United States,San Jose,Artificial intelligence,"General Atlantic, Goldman Sachs, New Enterprise Associates"
60,Compass,$6.4,8/31/2016,United States,New York,E-commerce & direct-to-consumer,"Founders Fund, Thrive Capital, Wellington Management"
62,Samsara Networks,$6.3,3/22/2018,United States,San Francisco,Hardware,"Andreessen Horowitz, General Catalyst"
63,Black Unicorn Factory,$6.1,5/20/2021,United States,Los Angeles,Other,Barter Ventures
65,reddit,$6,7/31/2017,United States,San Francisco,Internet software & services,"Y Combinator, Sequoia Capital, Coatue Management"
66,GitLab,$6,9/19/2018,United States,San Francisco,Internet software & services,"Google Ventures, ICONIQ Capital, Khosla Ventures"
68,Thrasio,$6,7/15/2020,United States,Walpole,Other,"Upper90, RiverPark Ventures, Advent International"
69,Better.com,$6,11/10/2020,United States,New York,Fintech,"Pine Brook, American Express Ventures, Kleiner Perkins Caufield & Byers"
72,Airtable,$5.77,11/15/2018,United States,San Francisco,Internet software & services,"Caffeinated Capital, CRV, Founder Collective"
73,Vice Media,$5.7,4/2/2011,United States,Brooklyn,Internet software & services,"Technology Crossover Ventures, A&E Television Networks"
77,Pony.ai,$5.3,7/11/2018,United States,Fremont,Artificial intelligence,"Sequoia Capital China, IDG Capital, DCM Ventures"
80,HashiCorp,$5.1,11/1/2018,United States,San Francisco,Internet software & services,"Redpoint Ventures, True Ventures, Mayfield Fund"
81,OneTrust,$5.1,7/11/2019,United States,Atlanta,Internet software & services,Insight Partners
86,TripActions,$5,11/8/2018,United States,Palo Alto,Travel,"Andreessen Horowitz, Lightspeed Venture Partners, Zeev Ventures"
87,Nuro,$5,2/11/2019,United States,Mountain View,Auto & transportation,"SoftBank Group, Greylock Partners, Gaorong Capital"
91,Ro,$5,7/27/2020,United States,New York,Health,"Initialized Capital, General Catalyst, SignalFire"
93,SambaNova Systems,$5,4/13/2021,United States,Palo Alto,Data management & analytics,"Walden International, Google Ventures, Intel Capital"
94,Toast,$4.9,7/10/2018,United States,Boston,Fintech,"Bessemer Venture Partners, Tiger Global Management, Google Ventures"
95,Magic Leap,$4.82,10/21/2014,United States,Plantation,Hardware,"Obvious Ventures, Qualcomm Ventures, Andreessen Horowitz"
97,Anduril,$4.6,9/11/2019,United States,Irvine,Artificial intelligence,"Andreessen Horowitz, Founders Fund, Revolution Ventures"
98,Lyra Health,$4.6,8/25/2020,United States,Burlingame,Health,"Greylock Partners, Venrock, Providence Ventures"
101,Zenefits,$4.5,5/6/2015,United States,San Francisco,Fintech,"SV Angel, Institutional Venture Partners, Venrock"
104,Outreach,$4.4,4/16/2019,United States,Seattle,Internet software & services,"Mayfield Fund, M12, Trinity Ventures"
106,Ginkgo BioWorks,$4.2,12/14/2017,United States,Boston,Health,"Y Combinator, Data Collective, MassVentures"
107,Relativity Space,$4.2,11/23/2020,United States,Inglewood,Other,"Playground Global, Bond, Tribe Capital"
108,Chainalysis,$4.2,11/23/2020,United States,New York,Fintech,"Addition, Benhcmark, Accel"
109,Amplitude,$4.15,5/21/2020,United States,San Francisco,Data management & analytics,"Benchmark, Battery Ventures, Institutional Venture Partners"
111,Dataminr,$4.1,6/4/2018,United States,New York,Artificial intelligence,"Venrock, Institutional Venture Partners, Goldman Sachs"
112,Houzz,$4,9/30/2014,United States,Palo Alto,E-commerce & direct-to-consumer,"New Enterprise Associates, Sequoia Capital, Comcast Ventures"
115,Niantic,$4,11/24/2017,United States,San Francisco,Mobile & telecommunications,"Nintendo, Google, Pokemon Company International, Spark Capital"
117,Impossible Foods,$4,5/13/2019,United States,Redwood City,Consumer & retail,"Khosla Ventures, Horizons Ventures, Temasek Holdings"
118,Radiology Partners,$4,7/19/2019,United States,El Segundo,Health,"New Enterprise Associates, Starr Investment Holdings"
120,Next Insurance,$4,10/7/2019,United States,Palo Alto,Fintech,"Zeev Ventures, Ribbit Capital, TLV Partners"
121,Patreon,$4,9/2/2020,United States,San Francisco,Internet software & services,"Index Ventures, Thrive Capital, CRV"
124,Zapier,$4,1/14/2021,United States,Sunnyvale,Internet software & services,"Sequoia Capital, Bessemer Venture Partners, Threshold Ventures"
125,Clubhouse,$4,1/24/2021,United States,San Francisco,Mobile & telecommunications,"Andreessen Horowitz, TQ Ventures"
126,Benchling,$4,4/14/2021,United States,San Francisco,Internet software & services,"Thrive Capital, Benchmark, MenloVentures"
128,Intarcia Therapeutics,$3.8,4/1/2014,United States,Boston,Health,"New Enterprise Associates, New Leaf Venture Partners, Charter Venture Capital"
129,Gusto,$3.8,12/18/2015,United States,San Francisco,Fintech,"General Catalyst Partners, Google Ventures, Kleiner Perkins Caufield & Byers"
130,StockX,$3.8,6/26/2019,United States,Detroit,E-commerce & direct-to-consumer,"Google Ventures, Battery Ventures, DST Global"
132,Devoted Health,$3.78,10/16/2018,United States,Waltham,Health,"Andreessen Horowitz, F-Prime Capital, Venrock"
133,Guild Education,$3.75,11/13/2019,United States,Denver,Internet software & services,"Redpoint Ventures, Harrison Metal, Bessemer Venture Partners"
134,Cohesity,$3.7,6/11/2018,United States,San Jose,Data management & analytics,"SoftBank Group, Sequoia Capital, Wing Venture Capital"
135,VAST Data,$3.7,4/16/2020,United States,New York,Data management & analytics,"Norwest Venture Partners, Goldman Sachs, Dell Technologies Capital"
136,GOAT,$3.7,9/23/2020,United States,Culver City,E-commerce & direct-to-consumer,"Upfront Ventures, Webb Investment Network, D1 Capital Partners"
137,Noom,$3.7,5/24/2021,United States,New York,Health,"Qualcomm Ventures, Samsung Ventures, Silver Lake"
138,Relativity,$3.6,3/18/2021,United States,Chicago,Internet software & services,"Silver Lake, ICONIQ Capital"
140,Indigo Ag,$3.5,9/26/2017,United States,Boston,Artificial intelligence,"Activant Capital Group, Alaska Permanent Fund, Baillie Gifford & Co."
142,Freshworks,$3.5,7/31/2018,United States,San Mateo,Internet software & services,"Accel, Tiger Global Management, capitalG"
149,Rubrik,$3.3,4/28/2017,United States,Palo Alto,Data management & analytics,"Greylock Partners, Lightspeed Venture Partners, Khosla Ventures"
150,Sila Nanotechnologies,$3.3,4/16/2019,United States,Alameda,Other,"Bessemer Venture Partners, Sutter Hill Ventures, Matrix Partners"
151,Blend,$3.3,6/24/2019,United States,San Francisco,Fintech,"Lightspeed Venture Partners, 8VC, Greylock Partners"
152,Scopely,$3.3,10/29/2019,United States,Culver City,Mobile & telecommunications,"Greycroft, Sands Capital, Revolution Growth"
154,Komodo Health,$3.3,3/22/2021,United States,San Francisco,Health,"Andreessen Horowitz, IA Ventures, Felicis Ventures"
156,Thumbtack,$3.2,9/29/2015,United States,San Francisco,E-commerce & direct-to-consumer,"Tiger Global, Sequoia Capital, Google Capital"
157,Flexport,$3.2,4/30/2018,United States,San Francisco,"Supply chain, logistics, & delivery","Bloomberg Beta, Founders Fund, First Round Capital"
158,Figure Technologies,$3.2,11/5/2019,United States,San Francisco,Fintech,"DCM Ventures, Ribbit Capital, RPM Ventures"
159,Udemy,$3.2,2/19/2020,United States,San Francisco,Edtech,"MHS Capital, Insight Partners, Norwest Venture Partners"
160,Cedar,$3.2,3/9/2021,United States,New York,Fintech,"Thrive Capital, Founders Fund, Cocnord Health Partners"
164,HighRadius,$3.1,1/7/2020,United States,Houston,Fintech,"Susquehanna Growth Equity, Citi Ventures, ICONIQ Capital"
165,SentinelOne,$3.1,2/19/2020,United States,Mountain View,Cybersecurity,"Granite Hill Capital Partners, Data Collective, Tiger Global Management"
167,Warby Parker,$3,4/30/2015,United States,New York,E-commerce & direct-to-consumer,"BoxGroup, Felicis Ventures, First Round Capital"
173,Circle Internet Financial,$3,5/15/2018,United States,Boston,Fintech,"General Catalyst, Digital Currency Group, Accel"
175,Talkdesk,$3,10/3/2018,United States,San Francisco,Internet software & services,"DJF, Salesforce Ventures, Storm Ventures"
176,Netskope,$3,11/13/2018,United States,Santa Clara,Cybersecurity,"Lightspeed Venture Partners, Social Capital, Accel"
183,Forter,$3,11/19/2020,United States,New York,Cybersecurity,"Sequoia Capital Israel, Scale Venture Partners, Commerce Ventures"
184,Hinge Health,$3,1/6/2021,United States,San Francisco,Health,"Atomico, Insight Partners, Coatue Management"
185,Calendly,$3,1/26/2021,United States,Atlanta,Internet software & services,"ICONIQ Capital, OpenView Venture Partners"
186,BlockFi,$3,3/11/2021,United States,Jersey City,Fintech,"ConsenSys Ventures, Valar Ventures, PUC"
187,ActiveCampaign,$3,4/21/2021,United States,Chicago,Internet software & services,"Silversmith Capital Partners, Susquehanna Growth Equity, Tiger Global Management"
189,Kraken,$2.92,6/25/2019,United States,San Francisco,Fintech,"Bnk To The Future, Trammell Ventures, SBI Investment"
190,OpenAI,$2.92,7/22/2019,United States,San Francisco,Artificial intelligence,Khosla Ventures
192,Workrise,$2.9,9/30/2019,United States,Austin,Internet software & services,"Founders Fund, Quantum Energy Partners, Bedrock Capital"
194,Bird Rides,$2.85,5/30/2018,United States,Santa Monica,Auto & transportation,"Tusk Ventures, Craft Ventures, Sequoia Capital"
197,Icertis,$2.8,7/17/2019,United States,Bellevue,Artificial intelligence,"Eight Roads Ventures, Greycroft, Ignition Partners"
198,DataRobot,$2.8,7/29/2019,United States,Boston,Artificial intelligence,"New Enterprise Associates, Accomplice, IA Ventures"
199,Weee!,$2.8,3/16/2021,United States,Fremont,"Supply chain, logistics, & delivery","Goodwater Capital, iFly, XVC Venture Capital"
202,Illumio,$2.75,4/14/2015,United States,Sunnyvale,Cybersecurity,"Data Collective, Formation 8, General Catalyst Partners"
203,Convoy,$2.75,9/21/2018,United States,Seattle,"Supply chain, logistics, & delivery","Greylock Partners, capitalG, Y Combinator"
204,MasterClass,$2.75,5/13/2021,United States,San Francisco,Edtech,"Institutional Venture Partners, New Enterprise Associates, Javelin Venture Partners"
206,Tradeshift,$2.7,5/30/2018,United States,San Francisco,Fintech,"Notion Capital, Scentan Ventures, Kite Ventures"
215,Sidecar Health,$2.5,1/26/2021,United States,El Segundo,Fintech,"GreatPoint Ventures, Tiger Global Management, Menlo Ventures"
216,AvidXchange,$2.42,6/8/2017,United States,Charlotte,Fintech,"Temasek Holdings, Charlotte Angel Partners, TPG Growth"
219,Carbon,$2.4,8/20/2015,United States,Redwood City,Hardware,"Google Ventures, Sequoia Capital, Wakefield Group"
222,Duolingo,$2.4,12/4/2019,United States,Pittsburgh,Education,"capitalG, Union Square Ventures, New Enterprise Associates"
223,Paxos,$2.4,4/29/2021,United States,New York,Fintech,"Liberty City Ventures, RRE Ventures, Mithril Capital Management"
224,Exabeam,$2.4,6/1/2021,United States,Foster City,Cybersecurity,"Norwest Venture Partners, Aspect Ventures, Lightspeed Venture Partners"
228,Uptake,$2.3,10/27/2015,United States,Chicago,Artificial intelligence,"Revolution, New Enterprise Associates, Caterpillar"
229,KeepTruckin,$2.3,4/23/2019,United States,San Francisco,"Supply chain, logistics, & delivery","Google Ventures, Index Ventures, Scale Venture Partners"
230,Skydance Media,$2.3,2/11/2020,United States,Santa Monica,Other,"RedBird Capital Partners, CJ ENM, Tencent Holdings"
231,Greenlight,$2.3,9/24/2020,United States,Atlanta,Fintech,"Relay Ventures, TTV Capital, Canapi Ventures"
232,Highspot,$2.3,2/22/2021,United States,Seattle,Internet software & services,"Madrona Venture Group, Shasta Ventures, Salesforce Ventures"
233,Bowery Farming,$2.3,5/25/2021,United States,New York,Other,"Temasek, Google Ventures, General Catalyst"
236,Zume,$2.25,11/1/2018,United States,Mountain View,Consumer & retail,"Softbank Group, AME Cloud Ventures, SignalFire"
237,Via,$2.25,3/30/2020,United States,New York,Auto & transportation,"83North, RiverPark Ventures, Pitango Venture Capital"
238,Planet Labs,$2.2,4/13/2015,United States,San Francisco,Other,"Threshold Ventures, O'Reilly AlphaTech Ventures, Data Collective"
240,Checkr,$2.2,9/19/2019,United States,San Francisco,Internet software & services,"Y Combinator, Accel, T. Rowe Price"
242,Attentive,$2.2,9/23/2020,United States,Hoboken,Mobile & telecommunications,"NextView Ventures, Eniac Ventures, Sequoia Capital"
244,Current,$2.2,4/27/2021,United States,New York,Fintech,"Expa, QED Investors, Foundation Capital"
248,Addepar,$2.17,6/15/2021,United States,Mountain View,Fintech,"8VC, D1 Capital Partners, Sway Ventures"
249,Cockroach Labs,$2.16,1/12/2021,United States,New York,Data management & analytics,"Google Ventures, Benchmark, FirstMark Capital"
250,Nextdoor,$2.1,3/4/2015,United States,San Francisco,Internet software & services,"Benchmark Capital, DAG Ventures, Insight Venture Partners"
252,Eightfold.ai,$2.1,10/27/2020,United States,Santa Clara,Internet software & services,"Foundation Capital, Institutional Venture Partners, General Catalyst"
254,Webflow,$2.1,1/13/2021,United States,San Francisco,Internet software & services,"Accel, Silversmith Capital Partners, capitalG"
255,6Sense,$2.1,3/30/2021,United States,San Francisco,Artificial intelligence,"Venrock, Battery Ventures, Insight Partners"
259,ReCharge,$2.1,5/6/2021,United States,Los Angeles,Fintech,"ICONIQ Growth, Bain Capital Ventures, Summit Partners"
261,ThoughtSpot,$2.05,5/8/2018,United States,Sunnyvale,Internet software & services,"Lightspeed Venture Partners, Khosla Ventures, Geodesic Capital"
263,Avant,$2,12/17/2012,United States,Chicago,Artificial intelligence,"RRE Ventures, Tiger Global, August Capital"
266,Quanergy Systems,$2,8/22/2016,United States,Sunnyvale,Auto & transportation,"Delphi Automotive, Samsung Ventures, Motus Ventures"
268,Quora,$2,4/21/2017,United States,Mountain View,Internet software & services,"Y Combinator, Matrix Partners, Benchmark"
272,LegalZoom,$2,7/31/2018,United States,Glendale,Internet software & services,"K1 Capital, Francisco Partners, Neuberger Berman"
273,Formlabs,$2,8/1/2018,United States,Somerville,Hardware,"Pitango Venture Capital, DFJ Growth Fund, Foundry Group"
275,Calm,$2,2/6/2019,United States,San Francisco,Consumer & retail,"Insight Venture Partners, TPG Growth, Sound Ventures"
276,Kaseya,$2,3/27/2019,United States,Miami,Cybersecurity,"Insight Partners, TPG Alternative & Renewable Technologies, Ireland Strategic Investment Fund"
278,Druva,$2,6/20/2019,United States,Sunnyvale,Data management & analytics,"Nexus Venture Partners, Tenaya Capital, Sequoia Capital"
281,AppsFlyer,$2,1/21/2020,United States,San Francisco,Mobile & telecommunications,"Magma Venture Partners, Pitango Venture Capital, Qumra Capital"
282,Notion Labs,$2,4/1/2020,United States,San Francisco,Internet software & services,"Index Ventures, Draft Ventures, Felicis Ventures"
285,Postman,$2,6/11/2020,United States,San Francisco,Internet software & services,"Nexus Venture Partners, CRV, Insight Partners"
286,Redis Labs,$2,8/25/2020,United States,Mountain View,Data management & analytics,"Viola Ventures, Dell Technologies Capital, Bain Capital Ventures"
289,Tipalti,$2,10/6/2020,United States,San Mateo,Fintech,"01 Advisors, Zeev Ventures, Group 11"
290,Unqork,$2,10/6/2020,United States,New York,Fintech,"Blackrock, capitalG, World Lab Innovation"
291,Virta Health,$2,12/2/2020,United States,San Francisco,Health,"Caffeinated Capital, Obvious Ventures, Venrock"
292,ISN,$2,12/17/2020,United States,Dallas,"Supply chain, logistics, & delivery",Blackstone
298,Hive,$2,4/21/2021,United States,San Francisco,Artificial intelligence,"Tomales Bay Capital, Bain & Company, General Catalyst"
300,Kajabi,$2,5/4/2021,United States,Irvine,Internet software & services,"Meritech Capital Partners, Tiger Global Management, Spectrum Equity"
301,Ethos Technologies,$2,5/11/2021,United States,San Francisco,Fintech,"Sequoia Capital, Google Ventures, Accel"
303,Pipe,$2,5/19/2021,United States,Miami,Fintech,"next47, MaC Venture Capital, FinVC"
304,Iterable,$2,6/15/2021,United States,San Francisco,Internet software & services,"CRV, Blue Cloud Ventures, Index Ventures"
309,InVision,$1.9,11/1/2017,United States,New York,Internet software & services,"FirstMark Capital, Tiger Global Management, ICONIQ Capital"
312,MX Technologies,$1.9,1/13/2021,United States,Lehi,Fintech,"Point72 Ventures, Pelion Venture Partners, Commerce Ventures"
314,Aledade,$1.9,1/19/2021,United States,Bethesda,Health,"Venrock, CVF Capital Partners, ARCH Venture Partners"
315,SpotOn,$1.88,5/26/2021,United States,San Francisco,Fintech,"Dragoneer Investment Group, DST Global, Franklin Templeton"
317,Automattic,$1.8,5/27/2013,United States,San Francisco,Internet software & services,"Insight Venture Partners, Lowercase Capital, Polaris Partners"
318,ZocDoc,$1.8,8/20/2015,United States,New York,Health,"Founders Fund, Khosla Ventures, Goldman Sachs"
319,Diamond Foundry,$1.8,3/29/2021,United States,San Francisco,Other,"Fashion Tech Lab, Fidelity Investments, Vast Ventures"
321,Farmers Business Network,$1.75,8/3/2020,United States,San Carlos,Other,"Blackrock, Kleiner Perkins Caulfield & Byers, Google Ventures"
325,BetterUp,$1.73,2/25/2021,United States,San Francisco,Internet software & services,"Threshold Ventures, Lightspeed Venture Partners, Crosslink Capital"
326,Buzzfeed,$1.7,8/18/2015,United States,New York,Internet software & services,"SV Angel, RRE Ventures, New Enterprise Associates"
327,Harry's Razor Company,$1.7,2/16/2018,United States,New York,Consumer & retail,"Thrive Capital, Tiger Global Management, Temasek"
328,Allbirds,$1.7,10/11/2018,United States,San Francisco,E-commerce & direct-to-consumer,"Lerer Hippeau Ventures, T. Rowe Price, Tiger Global Management"
329,PAX,$1.7,10/22/2018,United States,San Francisco,Consumer & retail,"Tao Capital Partners, Global Asset Capital, Tiger Global Management"
330,Carta,$1.7,5/6/2019,United States,San Francisco,Fintech,"Menlo Ventures, Spark Capital, Union Square Ventures"
332,Workato,$1.7,1/12/2021,United States,Mountain View,Internet software & services,"Battery Ventures, Storm Ventures, Redpoint Ventures"
333,Harness,$1.7,1/14/2021,United States,San Francisco,Artificial intelligence,"Menlo Ventures, Alkeon Capital Management, Citi Ventures"
335,DispatchHealth,$1.7,3/3/2021,United States,Denver,Health,"Alta Partners, Questa Capital, Echo Health Venturesl"
336,Dutchie,$1.7,3/16/2021,United States,Bend,E-commerce & direct-to-consumer,"Casa Verde Capital, Gron Ventures, Thrity Five Ventures"
338,Unite Us,$1.7,3/17/2021,United States,New York,Health,"Insight Partners, Sequoia Capital, Index Ventures"
339,CircleCI,$1.7,5/11/2021,United States,San Francisco,Internet software & services,"Threshold Ventures, Baseline Ventures, Harrison Metal"
342,XANT,$1.65,4/28/2014,United States,Lehi,Artificial intelligence,"Microsoft Ventures, US Venture Partners, Kleiner Perkins Caufield & Byers"
344,Trader Interactive,$1.63,5/12/2021,United States,Norfolk,Other,Carsales
348,Infinidat,$1.6,4/29/2015,United States,Waltham,Hardware,"TPG Growth, Goldman Sachs"
351,sweetgreen,$1.6,11/13/2018,United States,Culver City,Consumer & retail,"Red Sea Ventures, Fidelity Investments, Revolution"
352,Seismic,$1.6,12/18/2018,United States,San Diego,Internet software & services,"Jackson Square Ventures, General Atlantic, Lightspeed Venture Partners"
353,Verkada,$1.6,1/29/2020,United States,San Mateo,Cybersecurity,"next47, First Round Capital, Sequoia Capital"
355,Clari,$1.6,3/3/2021,United States,Sunnyvale,Internet software & services,"Sequoia Capital, Bain Capital Ventures, enaya Capital"
356,Ramp Financial,$1.6,3/29/2021,United States,New York,Fintech,"D1 Capital Partners, Stripe, Coatue Management"
357,Tonal,$1.6,3/31/2021,United States,San Francisco,E-commerce & direct-to-consumer,"Mayfield Fund, Shasta Ventures, L Catterton"
358,Skims,$1.6,4/9/2021,United States,Los Angeles,E-commerce & direct-to-consumer,"Thrive Capital, Alliance Consumer Growth, Imaginary Ventures"
361,Extend,$1.6,5/18/2021,United States,San Francisco,Fintech,"GreatPoint Ventures, Meritech Capital Partners, PayPal Ventures"
363,ASAPP,$1.6,5/19/2021,United States,New York,Artificial intelligence,"March Capital Partners, HOF Capital, Emergence Capital Partners"
368,Loom,$1.53,5/20/2021,United States,San Francisco,Internet software & services,"Kleiner Perkins Caufield & Byers, Sequoia Capital, General Catalyst"
370,Mu Sigma,$1.5,2/7/2013,United States,Northbrook,Data management & analytics,"Sequoia Capital, General Atlantic"
376,Cybereason,$1.5,6/21/2017,United States,Boston,Cybersecurity,"SoftBank Group, CRV, Spark Capital"
381,Cambridge Mobile Telematics,$1.5,12/19/2018,United States,Cambridge,Mobile & telecommunications,SoftBank Group
382,Collective Health,$1.5,6/17/2019,United States,San Francisco,Fintech,"New Enterprise Associates, Founders Fund, Google Ventures"
383,Remitly,$1.5,7/10/2019,United States,Seattle,Fintech,"DN Capital, Threshold Ventures, Trilogy Equity Partners"
384,Hippo Insurance,$1.5,7/24/2019,United States,Palo Alto,Fintech,"Propel Venture Partners, Horizons Ventures, Comcast Ventures"
386,Podium,$1.5,4/7/2020,United States,Lehi,Internet software & services,"Accel, Summit Partners, Google Ventures"
388,Strava,$1.5,11/16/2020,United States,San Francisco,Internet software & services,"Jackson Square Ventures, Madrone Capital Partners, Sequoia Capital"
389,Olive,$1.5,12/1/2020,United States,Columbus,Internet software & services,"Drive Capital, General Catalyst, Ascension Ventures"
390,Zenoti,$1.5,12/15/2020,United States,Bellevue,Internet software & services,"Norwest Venture Partners, Accel, Tiger Global Management"
391,Color,$1.5,1/4/2021,United States,Burlingame,Health,"General Catalyst, Viking Global Investors, T. Rowe Price"
392,Enfusion,$1.5,1/11/2021,United States,Chicago,Fintech,FTV Capital
393,K Health,$1.5,1/19/2021,United States,New York,Health,"Max Ventures, Mangrove Capital Partners, 14W"
394,Uplight,$1.5,3/3/2021,United States,Boulder,Other,"Rubicon Technology Partners, Max Ventures, Inclusive Capital Partners"
395,ID.me,$1.5,3/19/2021,United States,McLean,Cybersecurity,"Moonshots Capital, BoxGroup, Blu Venture Investors"
396,Handshake,$1.5,5/12/2021,United States,San Francisco,Internet software & services,"Kleiner Perkins Caufield & Byers, Lightspeed Venture Partners, True Ventures"
397,Snapdocs,$1.5,5/25/2021,United States,San Francisco,Fintech,"Sequoia Capital, Y Combinator, F-Prime Capital"
398,Chipper Cash,$1.5,6/1/2021,United States,San Francisco,Fintech,"Deciens Capital, Bezos Expeditions, 500 Startups"
408,Brii BioSciences,$1.45,3/23/2021,United States,Durham,Health,"Sequoia Capital China, GIC, Boyu Capital"
409,Zeta,$1.45,5/24/2021,United States,San Francisco,Fintech,"Sodexo Ventures, SoftBank Group"
410,Justworks,$1.43,1/28/2020,United States,New York,Internet software & services,"Index Ventures, Thrive Capital, Bain Capital Ventures"
412,Symphony,$1.4,5/16/2017,United States,New York,Fintech,"BNP Paribas, Goldman Sachs, Google"
417,Away,$1.4,5/15/2019,United States,New York,E-commerce & direct-to-consumer,"Global Founders Capital, Comcast Ventures, Forerunner Ventures"
419,Kong,$1.4,12/31/2020,United States,San Francisco,Internet software & services,"New Enterprise Associates, CRV, Index Ventures"
420,OwnBackup,$1.4,1/28/2021,United States,Englewood Cliffs,Data management & analytics,"Insight Partners, Salesforce Ventures, Vertex Ventures"
422,Yotpo,$1.4,3/18/2021,United States,New York,Internet software & services,"Bessemer Venture Partners, Vintage Investment Partners, Blumberg Capital"
424,Phenom People,$1.4,4/7/2021,United States,Ambler,Internet software & services,"Sierra Ventures, AXA Venture Partners, Sigma Prime Ventures"
425,GupShup,$1.4,4/8/2021,United States,San Francisco,Internet software & services,"Helion Venture Partners, Tiger Global management, CRV"
426,Degreed,$1.4,4/13/2021,United States,Pleasanton,Edtech,"Signal Peak Ventures, Owl Ventures, Jump Capital"
427,Astranis Space Technologies,$1.4,4/14/2021,United States,San Francisco,Mobile & telecommunications,"Refactor Capital, Andreessen Horowitz, Fifty Years Fund"
428,ChargeBee Technologies,$1.4,4/20/2021,United States,Walnut,Fintech,"Insight Partners, Tiger Global Management, Accel"
433,Rippling,$1.35,8/4/2020,United States,San Francisco,Internet software & services,"Initialized Capital, Y Combinator, Kleiner Perkins Caufield & Byers"
434,Plume,$1.35,2/23/2021,United States,Palo Alto,Internet software & services,"Insight Partners, Jackson Square Ventures, Liberty Gloval Ventures"
437,Signifyd,$1.34,4/15/2021,United States,San Jose,Fintech,"Menlo Ventures, Resolute Ventures, IA Ventures"
438,Flipboard,$1.32,7/22/2015,United States,Palo Alto,Internet software & services,"Kleiner Perkins Caufield & Byers, Comcast Ventures, Insight Partners"
439,Grove Collaborative,$1.32,1/17/2018,United States,San Francisco,E-commerce & direct-to-consumer,"MHS Capital, NextView Ventures, Mayfield Fund"
442,Alzheon,$1.31,9/30/2020,United States,Framingham,Health,"ARCH Venture Partners, Ally Bridge Group"
443,Rocket Lab,$1.3,3/21/2017,United States,Long Beach,Other,"Lockheed Martin, Khosla Ventures, Bessemer Venture Partners"
444,HeartFlow,$1.3,12/4/2017,United States,Redwood City,Health,"BlueCross BlueShield Venture Partners, US Venture Partners"
445,Sonder,$1.3,7/11/2019,United States,San Francisco,Travel,"Structure Capital, Spark Capital, Greylock Partners"
447,You & Mr Jones,$1.3,11/19/2019,United States,New York,Other,Undisclosed
449,Arctic Wolf Networks,$1.3,10/22/2020,United States,Eden Prairie,Cybersecurity,"Lightspeed Venture Partners, Redpoint Ventures, Viking Global Investors"
450,Everly Health,$1.3,12/3/2020,United States,Austin,E-commerce & direct-to-consumer,"Highland Capital Partners, Next Coast Ventures, SoGal Ventures"
453,Innovaccer,$1.3,2/19/2021,United States,San Francisco,Health,"M12, WestBridge Capital, Lightspeed Venture Partners"
454,Socure,$1.3,3/16/2021,United States,New York,Cybersecurity,"Two Sigma Ventures, Flint Capital, Commerce Ventures"
455,Coalition,$1.3,3/16/2021,United States,San Francisco,Cybersecurity,"Two Sigma Ventures, Flint Capital, Commerce Ventures"
456,ABL Space Systems,$1.3,3/25/2021,United States,El Segundo,Other,"T. Rowe Price, Lockheed Martin Ventures, Fidelity Investment"
457,Outschool,$1.3,4/14/2021,United States,San Francisco,Edtech,"Uniion Square Ventures, Tiger Global Management, Lightspeed Venture Capital"
458,Starry,$1.29,7/3/2018,United States,Boston,Mobile & telecommunications,"Social Capital, Bessemer Venture Partners"
459,Intercom,$1.28,3/27/2018,United States,San Francisco,Internet software & services,"FirstMark Capital, Tiger Global Management"
463,ezCater,$1.25,4/2/2019,United States,Boston,"Supply chain, logistics, & delivery","Insight Venture Partners, ICONIQ Capital, Launchpad Venture Group"
464,Applied Intuition,$1.25,10/22/2020,United States,Sunnyvale,Data management & analytics,"Andreessen Horowitz, Lux Capital, General Catalyst"
465,BigID,$1.25,12/16/2020,United States,New York,Cybersecurity,"BOLDstart Ventures, SAP.iO Fund, Scale Venture Partners"
466,Rec Room,$1.25,3/23/2021,United States,Seattle,Internet software & services,"First Round Capital, Sequoia Capital, Index Ventures"
467,Deel,$1.25,4/21/2021,United States,San Francisco,Fintech,"Andreessen Horowitz, Spark Capital, Y Combinator"
470,Cerebral,$1.23,6/10/2021,United States,San Francisco,Health,"Oak HC/FT Partners, Artis Ventures, WestCap Group"
471,EQRx,$1.23,1/11/2021,United States,Cambridge,Health,"Nextech Invest, Casdin Capital, Google Ventures"
475,Fair,$1.2,12/20/2018,United States,Santa Monica,Auto & transportation,"CreditEase Fintech Investment Fund, BMW i Ventures, SoftBank Group"
476,Glossier,$1.2,3/19/2019,United States,New York,Consumer & retail,"Forerunner Ventures, Institutional Venture Partners, Thrive Capital"
477,Zipline,$1.2,5/20/2019,United States,South San Francisco,"Supply chain, logistics, & delivery","Sequoia Capital, Baillie Gifford & Co., Google Ventures"
481,FiveTran,$1.2,6/30/2020,United States,Oakland,Data management & analytics<,"Matrix Partners, Andreessen Horowitz, General Catalyst"
482,Qumulo,$1.2,7/16/2020,United States,Seattle,Data management & analytics,"Madrona Venture Group, Kleiner Perkins Caufield & Byers, Highland Capital Partners"
483,Dialpad,$1.2,10/6/2020,United States,San Francisco,Internet software & services,"Andreessen Horowitz, Google Ventures, Section 32"
484,Whoop,$1.2,10/28/2020,United States,Boston,E-commerce & direct-to-consumer,"NextView Ventures, Promus Ventures, Two Sigma Ventures"
485,Starburst,$1.2,1/6/2021,United States,Boston,Data management & analytics,"Index Ventures, Coatue Management, Andreessen Horowitz"
486,Tealium,$1.2,2/3/2021,United States,San Diego,Internet software & services,"Georgian Partners, Silver Lake, Presidio Ventures"
487,Public,$1.2,2/17/2021,United States,New York,Fintech,"Accel, Greycroft, Advancit Capital"
488,Axonius,$1.2,3/1/2021,United States,New York,Cybersecurity,"Vertex Ventures Israel, Bessemer Venture Partners, Emerge"
490,Savage X Fenty,$1.2,3/16/2021,United States,El Segundo,E-commerce & direct-to-consumer,"Speedinvest, Valar Ventures, Uniqa Ventures"
493,Pilot.com,$1.2,3/26/2021,United States,San Francisco,Fintech,"Index Ventures, Sequoia Capital, Bezos Expeditions"
496,Cava Group,$1.2,4/27/2021,United States,Washington,Other,"SWaN & Legend Ventures, Revolution Growth, Invus Group"
497,Vectra Networks,$1.2,4/29/2021,United States,San Jose,Artificial intelligence,"IA Ventures, Khosla Ventures, AME Cloud Ventures"
499,Inari,$1.2,5/12/2021,United States,Cambridge,Other,"Flagship Pioneering, Alexandria Venture Investments, Investment Corporation of Dubai"
500,Project44,$1.2,6/1/2021,United States,Chicago,"Supply chain, logistics, & delivery","Emergence Capital Partners, 8VC, Chicago Ventures"
501,Alation,$1.2,6/3/2021,United States,Redwood City,Internet software & services,"Costanoa Ventures, Data Collective, Salesforce Ventures"
507,Sysdig,$1.19,4/28/2021,United States,San Francisco,Cybersecurity,"Accel, Bain Capital Ventures, Insight Partners"
509,Cerebras Systems,$1.17,11/14/2018,United States,Los Altos,Hardware,"Benchmark, Foundation Capital, Sequoia Capital"
511,Modern Health,$1.17,2/11/2021,United States,San Francisco,Health,"Kleiner Perkins Caufield & Byers, Afore Capital, Founders Fund"
512,IRL,$1.17,6/15/2021,United States,San Francisco,Internet software & services,"Goodwater Capital, Floodgate, Founders Fund"
515,Venafi,$1.15,12/10/2020,United States,Salt Lake City,Cybersecurity,"Pelion Venture Partners, Foundation Capital, Thoma Bravo"
516,Guideline,$1.15,6/16/2021,United States,San Mateo,Fintech,"Pelion Venture Partners, Foundation Capital, Thoma Bravo"
519,TangoMe,$1.1,3/20/2014,United States,Mountain View,Mobile & telecommunications,"Draper Fisher Jurtson, Qualcomm Ventures, Alibaba Group"
520,AppDirect,$1.1,10/7/2015,United States,San Francisco,E-commerce & direct-to-consumer,"Mithril, iNovia Capital, Foundry Group"
523,Eat Just,$1.1,11/30/2017,United States,San Francisco,Consumer & retail,"Khosla Ventures, Horizons Ventures, Founders Fund"
525,Ivalua,$1.1,5/21/2019,United States,Redwood City,Fintech,"Ardian, Tiger Global Management, KKR"
527,Sisense,$1.1,1/9/2020,United States,New York,Data management & analytics,"Opus Capital, Genesis Partners, Battery Ventures"
528,Course Hero,$1.1,2/12/2020,United States,Redwood City,Edtech,"NewView Capital, Maveron, Ridge Ventures"
529,Sema4,$1.1,7/29/2020,United States,Stamford,Health,"Blackrock, Connecticut Innovations, Deerfield Management"
530,Pharmapacks,$1.1,11/12/2020,United States,Islandia,E-commerce & direct-to-consumer,The Carlyle Group
531,SalesLoft,$1.1,1/6/2021,United States,Atlanta,Internet software & services,"Caffeinated Capital, Obvious Ventures, Venrock"
535,Ginger,$1.1,3/24/2021,United States,San Francisco,Health,"Kaiser Permanente Ventures, Khosla Ventures, True Ventures"
536,Rightway,$1.1,3/30/2021,United States,New York,Health,"Thrive Capital, Khosla Ventures, Tiger Global Management"
537,Misfits Market,$1.1,4/21/2021,United States,Pennsauken,E-commerce & direct-to-consumer,"Accel, D1 Capita Partners, Greenoaks Capital Management"
538,Sunbit,$1.1,5/20/2021,United States,Los Angeles,Fintech,"Zeev Ventures, Group11, Chicago Ventures"
541,G2,$1.1,6/22/2021,United States,Chicago,Internet software & services,"Pritzker Group Venture Capital, Accel, Hyde Park Venture Partners"
547,Rubicon Global,$1.07,8/25/2017,United States,Atlanta,Other,"Goldman Sachs, Leonardo DiCaprio, Promecap"
550,Dataiku,$1.06,12/4/2019,United States,New York,Internet software & services,"Alven Capital, FirstMark Capital, capitalG"
552,Instabase,$1.05,10/21/2019,United States,San Francisco,Data management & analytics,"New Enterprise Associates, Greylock Partners, Andreessen Horowitz"
554,Proterra,$1.05,10/15/2020,United States,Burlingame,"Supply chain, logistics, & delivery","GM Ventures, VentureSouth, Kleiner Perkins Caufield & Byers"
555,Sendbird,$1.05,4/6/2021,United States,San Mateo,Mobile & telecommunications,"FundersClub, Y Combinator, Tiger Global Management"
559,Lookout,$1,10/10/2013,United States,San Francisco,Cybersecurity,"Accel Partners, Greylock Partners, Lowercase Capital"
561,TechStyle Fashion Group,$1,8/29/2014,United States,El Segundo,E-commerce & direct-to-consumer,"Matrix Partners, Passport Capital, Rho Ventures"
564,Red Ventures,$1,1/7/2015,United States,Fort Mill,Other,"Silver Lake Partners, General Atlantic"
570,Vox Media,$1,8/12/2015,United States,Washington,Internet software & services,"Accel Partners, Comcast Ventures, General Atlantic"
578,Age of Learning,$1,5/3/2016,United States,Glendale,Edtech,Iconiq Capital
579,SMS Assist,$1,6/7/2016,United States,Chicago,Internet software & services,"Goldman Sachs, Insights Venture Partners, Pritzker Group Venture Capital"
580,Kendra Scott,$1,12/21/2016,United States,Austin,Consumer & retail,"Berkshire Partners, Norwest Venture Partners"
583,Modernizing Medicine,$1,5/10/2017,United States,Boca Raton,Health,"Warburg Pincus, Summit Partners, Sands Capital"
591,Payoneer,$1,12/5/2017,United States,New York,Fintech,"Susquehanna Growth Equity, 83North, China Broadband Capital"
592,Rani Therapeutics,$1,2/8/2018,United States,San Jose,Health,"Google Ventures, VentureHealth, InCube Ventures"
593,Upgrade,$1,2/12/2018,United States,San Francisco,Fintech,"Union Square Ventures, Ribbit Capital, VY Capital"
595,SoundHound,$1,5/3/2018,United States,Santa Clara,Artificial intelligence,"Tencent Holdings, Walden Venture Capital, Global Catalyst Partnera"
601,MediaMath,$1,7/10/2018,United States,New York,Internet software & services,"Silicon Valley Bank, QED Investors, European Founders Fund"
604,Pat McGrath Labs,$1,7/16/2018,United States,New York,Consumer & retail,"One Luxury Group, Eurazeo"
608,Branch,$1,9/10/2018,United States,Redwood City,Mobile & telecommunications,"New Enterprise Associates, Pear, Cowboy Ventures"
610,Tresata,$1,10/10/2018,United States,Charlotte,Fintech,GCP Capital Partners
618,REEF Technology,$1,12/10/2018,United States,Miami,"Supply chain, logistics, & delivery","Target Global, UBS Asset Management, Mubadala Capital"
619,Globality,$1,1/22/2019,United States,Menlo Park,Artificial intelligence,SoftBank Group
625,VTS,$1,5/7/2019,United States,New York,Internet software & services,"Trinity Ventures, Fifth Wall Ventures, OpenView Venture Partners"
630,Gympass,$1,6/12/2019,United States,New York,Internet software & services,"General Atlantic, SoftBank Group, Atomico"
635,Ibotta,$1,8/6/2019,United States,Denver,Fintech,"Koch Disruptive Technologies, Teamworthy Ventures, GGV Capital"
636,C2FO,$1,8/7/2019,United States,Leawood,Fintech,"Union Square Ventures, Summerhill Venture Partners, Mithril Capital Management"
638,Dave,$1,9/30/2019,United States,Los Angeles,Fintech,"Section 32, SV Angel, Norwest Venture Partners"
639,Grammarly,$1,10/10/2019,United States,San Francisco,Internet software & services,"General Catalyst, Institutional Venture Partners, Breyer Capital"
641,Pendo,$1,10/17/2019,United States,Raleigh,Internet software & services,"Contour Venture Partners, Battery Ventures, Core Capital Partners"
643,Vacasa,$1,10/29/2019,United States,Portland,Travel,"Level Equity, NewSpring Holdings, Riverwood Capital"
644,Riskified,$1,11/5/2019,United States,New York,Cybersecurity,"Entree Capital, Genesis Partners, Qumra Capital"
646,ClassPass,$1,1/8/2020,United States,New York,Internet software & services,"General Catalyst, L Catterton, Acequia Capital"
647,Alto Pharmacy,$1,1/30/2020,United States,San Francisco,Health,"Jackson Square Ventures, Greenoaks Capital Management, Softbank Group"
648,o9 Solutions,$1,4/28/2020,United States,Dallas,Artificial intelligence,KKR
650,Quizlet,$1,5/13/2020,United States,San Francisco,Edtech,"Union Square Ventures, Altos Ventures, Costanoa Ventures"
651,Apeel Sciences,$1,5/26/2020,United States,Goleta,Other,"Upfront Ventures, Tao Capital Partners, Andreessen Horowitz"
653,Orca Bio,$1,6/17/2020,United States,Menlo Park,Health,"Lightspeed Venture Partners, Data Collective, 8VC"
654,KKW Beauty,$1,6/29/2020,United States,Woodland Hills,E-commerce & direct-to-consumer,Coty
655,VillageMD,$1,7/8/2020,United States,Chicago,Health,"Kinnevik, Oak HC/FT Partners, Walgreens Boots Alliance"
657,Trumid,$1,7/15/2020,United States,New York,Fintech,"T. Rowe Price, Dragoneer Investment Group, BlackRock"
658,Innovium,$1,7/21/2020,United States,San Jose,Hardware,"WRVI Capital, Qualcomm Ventures, S-Cubed Capital"
660,Zwift,$1,9/16/2020,United States,Long Beach,E-commerce & direct-to-consumer,"Novator Partners, True, Causeway Media Partners"
663,Tekion,$1,10/21/2020,United States,San Ramon,Internet software & services,"Airbus Ventures, Index Ventures, Advent International"
667,Cityblock Health,$1,12/10/2020,United States,Brooklyn,Health,"Thrive Capital, Maverick Ventures, Redpoint Ventures"
668,ClickUp,$1,12/15/2020,United States,San Diego,Internet software & services,"Georgian Partners, Craft Ventures"
670,Boom Supersonic,$1,12/16/2020,United States,Englewood,Other,"WRVI Capital, Caffeinated Capital, Y Combinator"
671,Qualia,$1,12/21/2020,United States,San Francisco,Fintech,"8VC, Menlo Ventures, Tiger Global Management"
673,Dremio,$1,1/6/2021,United States,Santa Clara,Data management & analytics,"Lightspeed Venture Partners, Redpoint Ventures, Norwest Venture Partners"
674,Lacework,$1,1/7/2021,United States,San Jose,Cybersecurity,"Sutter Hill Ventures, Liberty Global Ventures, Coatue Management"
675,Quantum Metric,$1,1/7/2021,United States,Colorado Springs,Data management & analytics,"Insight Partners, Bain Capital Ventures"
678,Splashtop,$1,1/27/2021,United States,San Jose,Internet software & services,"Storm Ventures, DFJ DragonFund, New Enterprise Associates"
681,Axiom Space,$1,2/16/2021,United States,Houston,Other,"C5 Capital, Hemisphere Ventures, The Venture Collective"
682,Locus Robotics,$1,2/17/2021,United States,Wilmington,Hardware,"Scale Venture Partners, Bond, Tiger Global Management"
683,Standard Cognition,$1,2/17/2021,United States,San Francisco,Artificial intelligence,"CRV, Y Combinator, Initialized Capital"
684,Sentry,$1,2/18/2021,United States,San Francisco,Other,"New Enterprise Associates, Accel, Bond"
687,Skydio,$1,2/25/2021,United States,Redwood City,"Supply chain, logistics, & delivery","Andreessen Horowitz, Andreessen Horowitz, Institutional Venture Partners, Accel"
688,Newsela,$1,2/25/2021,United States,New York,Internet software & services,"Owl Ventures, Technology Crossover Ventures, Tao Capital Partners"
690,Papaya Global,$1,3/4/2021,United States,New York,Internet software & services,"Bessemer Venture Partners, Insight Partners, New Era Ventures"
691,Flutterwave,$1,3/9/2021,United States,San Francisco,Fintech,"Green Visor Capital, CRE Venture Capital, Greycroft"
694,Evidation Health,$1,3/22/2021,United States,San Mateo,Health,"B Capital Group,, GE Ventures, McKesson Ventures"
695,Side,$1,3/22/2021,United States,San Francisco,Internet software & services,"Coatue Managemeny, Trinity Ventures, Matrix Partners"
696,Lattice,$1,3/23/2021,United States,San Francisco,Internet software & services,"Khosla Ventures, Thrive Capital, Y Combinator"
697,Pacaso,$1,3/24/2021,United States,Cincinnati,Fintech,"Global Founders Capital, Shea Ventures, Greycroft"
698,Feedzai,$1,3/24/2021,United States,San Mateo,Artificial intelligence,"Global Founders Capital, Shea Ventures, Greycroft"
702,Cameo,$1,3/30/2021,United States,Chicago,Internet software & services,"Lightspeed Venture Partners, Kleiner Perkins Caufield & Byers, Origin Ventures"
703,Fetch Rewards,$1,3/31/2021,United States,Madison,E-commerce & direct-to-consumer,"Greycroft, Loeb.NYC, DST Global"
706,The Zebra,$1,4/12/2021,United States,Austin,E-commerce & direct-to-consumer,"Silverton Partners, Accel, Ballast Point Ventures"
707,Clearcover,$1,4/13/2021,United States,Chicago,Fintech,"American Family Ventures, Cox Enterprises, OMERS Ventures"
708,Groq,$1,4/14/2021,United States,Mountain View,Artificial intelligence,"TDK Ventures, Social Capital, D1 Capital Partners"
710,Injective Protocol,$1,4/20/2021,United States,New York,Fintech,"Pantera Capital, Cadenza Ventures, BlockTower Capital"
711,Sift,$1,4/22/2021,United States,San Francisco,Artificial intelligence,"Union Square Ventures, Insight Partners, Spark Capital"
713,Capsule,$1,4/28/2021,United States,New York,Health,"Thrive Capital, Durable Capital Partners, G Squared"
714,MOLOCO,$1,4/29/2021,United States,Redwood City,Artificial intelligence,"Smilegate Investment, DSC Investments, KTB Ventures"
715,Mux,$1,4/30/2021,United States,San Francisco,Internet software & services,"Accel, Cobalt Capital, Andreessen Horowitz"
717,Firefly Aerospace,$1,5/4/2021,United States,Cedar Park,Other,"XBTO Ventures, Raven One Ventures, SK Ventures"
718,HoneyBook,$1,5/4/2021,United States,San Francisco,Internet software & services,"Norwest Venture Partners, Hillsven Capital, Aleph"
721,Forte Labs,$1,5/12/2021,United States,San Francisco,Fintech,"Iris Capital, Accel, Elaia Partners"
722,Axtria,$1,5/13/2021,United States,Berkeley Heights,Data management & analytics,"Helion Venture Partners, Bain Capital Tech Opportunities, Sequoia Capital India"
723,Amount,$1,5/17/2021,United States,Chicago,Fintech,"Invus Group, Hanaco Venture Capital, WestCap Group"
725,Vise,$1,5/18/2021,United States,New York,Fintech,"Sequoia Capital, Founders Fund, Bling Capital"
726,Printful,$1,5/24/2021,United States,Charlotte,Other,Bregal Sagemount
727,Shippo,$1,6/2/2021,United States,San Francisco,"Supply chain, logistics, & delivery","Version One Ventures, Uncork Capital, Bessemer Venture Partners"
728,Thirty Madison,$1,6/2/2021,United States,New York,Health,"Northzone Ventures, Maveron, Johnson & Johnson Innovation"
731,Aura,$1,6/9/2021,United States,Burlington,Cybersecurity,"Warburg Pincus, General Catalyst"
736,Claroty,$1,6/17/2021,United States,New York,Cybersecurity,"Bessemer Venture Partners, MoreVC, Team8"
738,Aircall,$1,6/23/2021,United States,New York,Internet software & services,"Balderton Capital, Next World Capital, Draper Esprit"
739,SmartAsset,$1,6/24/2021,United States,New York,Fintech,"Javelin Venture Partners, TTV Capital, Peterson Ventures"
740,Morning Consult,$1,6/8/2021,United States,Washington DC,Internet software & services,"Advance Venture Partners, Susquehanna Growth Equity, Lupa Systems"
